seller_id,seller_name,is_official_store,total_products,avg_rating,total_reviews
1,Tiki Trading,False,934,4.47,249627
10738,ĐŨI VIỆT Official,False,51,1.76,61
29952,Hồng Hạnh Mobile,False,46,0.83,18
162514,Long Hưng Official Store,False,38,1.28,64
112944,Yên Phúc,False,37,3.39,186
55147,MRM Manlywear Official,False,30,3.81,8262
8827,Miley Lingerie,False,30,3.62,896
249310,NeSa Shop,False,28,1.86,85
204632,TD2000 store,False,27,1.77,47
134678,Smarthome29,False,26,4.09,437
28688,ShopN6,False,26,4.03,3625
178422,ATZstore,False,23,3.54,98
9455,MISA Shop,False,23,2.97,49
361737,MISAHAN,False,22,1.73,16
94931,ZoZo Sport,False,21,1.79,15
177515,kosuytu,False,18,1.33,6
169077,misa310512,False,17,2.18,19
175147,Nhà Chíp,False,15,4.58,262
159903,DEVO SHOP,False,14,1.86,11
108828,Tiện ích 1708,False,14,4.64,504
1409,BG Việt Nam Official Store,False,14,3.96,850
8094,ALIGRO,False,14,1.44,11
188535,mybao040508,False,14,2.36,17
20897,THỜI TRANG BOBOSHOP,False,13,2.08,64
353491,OM LUCKY WAHIK,False,12,2.5,13
313025,TAKA Phụ Kiện Số,False,11,4.82,1276
54282,Photodesign VN Official,False,11,4.68,1179
242150,Đồ Bộ Eirlys Shop,False,11,3.88,13
127051,TrustBuy,False,10,4.78,1167
76942,THUYDUNGSHOP,False,10,2.76,18
173338,SMARTWATCH,False,10,2.93,50
55218,FORSETI VIỆT NAM,False,10,3.6,66
277179,Venie,False,9,4.56,121
202732,DavieCollection,False,9,1.11,2
16588,May 10,False,9,2.12,1329
158862,Art H Store,False,9,4.63,122
5826,MAYHOMES Official Store,False,9,4.66,183
276201,US ARMY OFFICIAL,False,9,4.7,308
28122,shopthoitranganhnguyen,False,9,2.63,47
115414,Gold,False,8,4.15,115
6175,Thời Trang Novelty Nhà Bè,False,8,3.04,37
63850,monkibaby,False,8,4.17,39
189208,Quỳnh Hoa Store,False,8,4.17,158
158759,Tuấn Tú Store 68,False,8,0.62,2
235530,Thời Trang Tuổi Teen HL,False,8,3.56,35
92468,UniMart,False,8,3.56,277
113592,Viễn thông Hà Nhung,False,7,4.96,209
915,Nova Computer,False,7,3.37,49
148809,AZ HOUSE,False,7,2.86,9
41007,VIETMART 668,False,7,4.74,1308
144022,SHOP NHÀ BON,False,7,4.73,137
26446,Tin Học Hoàng Kim,False,7,4.5,33
135215,Yen Vi Shop,False,7,4.29,91
5383,Wannabe Lingerie Store,False,7,2.0,11
141107,GuCase,False,7,1.29,15
44857,DAMAS Official Store,False,7,4.01,946
160749,Mishio Kachi Official,False,7,2.77,105
330024,YAHON LETGREEN Nhà Cửa Đời Sống,False,7,2.86,30
342902,HUONG TAM STORE,False,7,4.0,20
34716,GiaPhucStore,False,6,3.97,38
33926,Sona Activewear,False,6,4.07,472
11205,Hoàng Hải Store,False,6,2.3,17
20256,Telovietnam,False,6,2.42,4
162792,Áo Thun In,False,6,1.0,2
337363,DO GYM SHOP,False,6,2.47,6
184589,May mặc Đông Minh,False,6,3.08,279
539,AAA Jeans,False,6,3.13,491
113115,Deli Official Store,False,6,4.83,138
3645,TDCare,False,5,4.86,241
6615,Sanny House,False,5,2.8,3
78619,Muasam247,False,5,2.6,7
107444,Thế Giới Pin Sinh Thái,False,5,4.7,722
58789,Tech7,False,5,4.64,150
30787,AN PHAT COMPUTER,False,5,0.9,10
1710,hotphukien,False,5,2.9,4
104628,CasemeStore,False,5,2.84,7
99996,Tiross Hà Nội,False,5,1.96,9
236185,Minhlam Store,False,5,4.52,46
125741,Rhino Official Store,False,5,3.54,106
4189,Y Tế Lộc,False,5,4.7,316
167037,Hamart Gia Dụng Tiện Lợi,False,5,3.8,33
267028,Đồ ngủ sexy quyến rũ,False,5,2.8,4
287299,D Danido Homie Shop,False,4,1.12,10
134878,Áo Điều Hòa KITO,False,4,1.75,2
332468,Kazata Store Quần Jean Nam,False,4,3.75,12
1691,Đại Nam Sport,False,4,4.55,144
4997,HXSJ Official Store,False,4,4.7,213
236620,ROCKSPACE OFFICIAL STORE,False,4,4.55,44
76796,Vietstore24h,False,4,4.83,59
279683,Kai N Accessory,False,4,1.2,5
50766,Thế giới sản phẩm,False,4,3.2,20
181356,Phụ Kiện Bingo,False,4,1.25,1
11176,Công Ty Phong Tiến,False,4,1.25,8
8413,SMY (Tp.HCM),False,4,3.52,183
5321,Kobi official store,False,4,4.75,92
84406,QUÝ KHANG MART,False,4,4.03,21
7176,FREEMAN & JOBELLI,False,4,4.47,36
5961,Phúc An,False,4,3.22,32
45683,GấuMẹ Shop,False,4,2.25,3
118406,Vạn Tín Store,False,4,4.88,33
1785,Đèn Philips chính hãng,False,4,4.88,215
38963,Techmorevn,False,3,5.0,6
54082,CST Telecom,False,3,3.27,19
338,Nhà Giả Kim,False,3,1.6,99
56711,THỊNH PHÁT SHOP,False,3,4.27,67
2026,Tienphatsmart,False,3,4.6,82
1765,Ant home,False,3,4.27,74
113,Tuấn Tú Store,False,3,4.77,239
200265,Kmart Store,False,3,4.93,19
81456,Shop 24719,False,3,1.4,13
81570,HoangHai store,False,3,2.73,11
181601,Phụ Kiện ATZVN,False,3,2.33,2
11119,GIA DỤNG VIỆT,False,3,3.33,5
14813,ugreenonline,False,3,3.27,7
184829,Bim Mart,False,3,3.67,16
57800,Siêu Thị NaNo,False,3,0.0,0
125683,M2P Shop,False,3,0.0,0
179711,ĐIỆN MÁY HTG,False,3,3.33,2
53660,Nhà sách Fahasa,False,3,4.9,39
327437,BS Đỗ Trung Kiên,False,3,4.93,107
239315,Soliup,False,3,5.0,13
245529,Big Forest Store,False,3,4.7,62
193621,MEDiCARE Official Store,False,3,0.33,1
37079,Thebeauty,False,3,3.07,317
253372,Đức Tuấn Shop,False,3,1.67,1
187091,Hiền Trần BOUTIQUE Official,False,3,4.9,9
176918,LEMAN Official Store,False,3,4.8,35
103662,Beauty and Fashion,False,3,0.0,0
304603,RCR CRISTALLERIA ITALIANA,False,3,1.67,1
297205,FIRO OFFICIAL STORE,False,2,5.0,173
34473,Danido Store,False,2,2.3,164
147336,JM STORE,False,2,4.8,469
363032,Shop Phố Anh,False,2,2.0,1
5907,BORO SPORT,False,2,4.6,97
141524,Giải Pháp An Ninh Toàn Cầu,False,2,0.0,0
61683,Công Nghệ NICEVISOFT,False,2,0.0,0
268933,DIZI STORE ONLINE,False,2,4.85,58
80295,Shop HG,False,2,4.8,6
15937,VINSEC,False,2,2.5,3
138101,Halo Việt,False,2,2.4,5
278788,Pixlink Office Store,False,2,4.6,364
242619,Sim Thạch Thất 368,False,2,2.4,447
193791,ADZ Store,False,2,0.0,0
257872,Lew Case Shop Công Nghệ,False,2,2.5,1
106295,Chim sẻ đi nắng,False,2,4.75,3
211062,Tăm nước Sài Gòn,False,2,4.75,34
195742,Điện Máy Vymart,False,2,4.75,326
69337,Home Star Store,False,2,2.0,1
203034,Gia Dụng Trí Vũ,False,2,4.5,2
138278,AM MART,False,2,4.75,24
288606,CH Thực Phẩm Chức Năng HM,False,2,4.65,58
4078,QuaTangMe Extaste,False,2,4.7,381
199449,Ukmart,False,2,4.9,33
331734,Pharm.D Official Store,False,2,5.0,7
10638,VIVALUST COSMETICS,False,2,0.0,0
1178,Oribe Store,False,2,3.9,568
128151,Perfetta Official Store,False,2,2.15,12
120432,Min Cosmetics,False,2,4.5,36
133020,Thiết bị y tế Gia Đình HME,False,2,2.15,7
62812,CELLKEY-SCIEN OFFICIAL STORE,False,2,4.75,516
7673,The True Japan,False,2,4.55,129
8172,Airseven,False,2,4.7,14
9307,Woada_Underwear,False,2,2.5,1
1928,Lantavina,False,2,4.9,6
362849,MayBaebyfashion,False,2,0.0,0
333312,Phiten Flagship Store,False,2,2.5,1
210028,Shopdobo265,False,2,2.5,3
126,iBasic Official Store,False,2,4.8,9
17905,Tifalu Fashion,False,2,0.0,0
35488,Aquaria,False,2,0.0,0
77737,Nông Nghiệp Khuya,False,2,3.75,9
1242,"Vo Hoang Trading Co.,Ltd",False,2,5.0,308
288539,Shop Vạn Năng Solar,False,2,4.75,21
291512,Phố Xinh Store,False,2,4.15,5
172234,TOKDODO Official Store,False,2,5.0,5
101716,GIA DỤNG TIỆN ÍCH MINH NGỌC,False,2,4.8,352
332042,GOTECHSOFT CO LTD,False,1,0.0,0
297110,O-TECH SHOP,False,1,0.0,0
64157,Nhang Sen Liên Tâm,False,1,5.0,8
19256,HỘ KINH DOANH CỬA HÀNG GÓI HÚT ẨM,False,1,4.8,276
320525,Điện dân dụng và Đồ Outdoor TL,False,1,3.5,2
41078,Smart Store,False,1,0.0,0
31445,AH SPORT,False,1,0.0,0
894,iFitness,False,1,5.0,7
123173,Bibi Sport,False,1,5.0,2
57690,Shop đồ chơi thông minh thánh gióng,False,1,5.0,1
253455,CỬA HÀNG 108,False,1,4.8,74
198145,CampOut Life is the better Official,False,1,5.0,2
161884,Quân Camp,False,1,5.0,3
264777,HSG Distribution,False,1,0.0,0
15461,phucantech,False,1,0.0,0
73305,Công Nghệ và Truyền Thông Zlink,False,1,0.0,0
364764,WIN SHOP Q9,False,1,3.3,7
137089,Thiết Bị Mới,False,1,4.5,15
162657,AMA Store,False,1,4.8,9
298886,CAMERA PHƯƠNG ĐÔNG Store,False,1,5.0,21
201269,Crazy Cool Official,False,1,4.8,6
109746,VinBuy,False,1,4.7,55
356119,2nhktech,False,1,4.0,6
52525,An Khang Computer,False,1,5.0,1
67487,hearme,False,1,5.0,1
315502,Choetech Flagship Store,False,1,4.0,9
2676,opba.vn,False,1,2.0,1
333,Trọng Ân audio,False,1,4.5,16
352627,Viễn Thông Minh Đức,False,1,5.0,1
97441,Luckky Shop,False,1,0.0,0
10889,MuaMuaOnline,False,1,4.7,6
304908,TRÀ MY SHOP 2020,False,1,5.0,1
6975,HACHI STORE,False,1,5.0,2
145378,Prolink Official Store,False,1,4.6,34
1892,Binaishop,False,1,0.0,0
59937,Ken Bun Shop,False,1,4.5,50
290542,CÔNG TY TNHH TMĐT KIM LONG,False,1,5.0,3
1567,Robotek Viet Nam,False,1,0.0,0
78755,Bepnhatoi,False,1,0.0,0
208147,SIÊU THỊ ĐIỆN MÁY GIA DỤNG,False,1,0.0,0
360957,Seka Official Store,False,1,4.0,1
112115,TỔNG KHO ĐIỆN MÁY - GIA DỤNG,False,1,0.0,0
117627,Halo Buy,False,1,4.5,129
141077,Pi Stores,False,1,0.0,0
31740,HƯNG THỊNH SHOP,False,1,3.0,1
108287,Kemnghiaminhtam,False,1,5.0,2
9711,ĐỒ DA THÀNH LONG TLG,False,1,5.0,2
240,NaMilux Official Store,False,1,5.0,1
1957,Bếp Minh Hà,False,1,4.5,19
121449,Karofi official,False,1,0.0,0
184067,Siêu Thị Điện Máy Từ Sơn,False,1,5.0,1
6201,Điện Máy Gia Dụng Smilemart,False,1,4.6,59
356985,SÁNG BOOKS,False,1,5.0,62
360665,Sách song ngữ Anna,False,1,4.8,16
359052,YOK Bao cao su HCM,False,1,0.0,0
158877,Liên Minh 1974,False,1,5.0,1
28366,kimdungpt,False,1,4.7,71
93666,Lamimi Cosmetics,False,1,0.0,0
7623,MK Beauty Shop,False,1,4.6,455
44260,Bảo Hộ Sài Gòn,False,1,4.3,14
108961,Mercy Cosmetics,False,1,5.0,3
12868,Kềm Nghĩa Official,False,1,4.8,334
2824,Oralmart,False,1,5.0,1
107426,PH PUHA Official,False,1,4.8,25
285227,Fresh Beauty by KnK Store,False,1,4.6,48
2091,Hexagon,False,1,4.8,49
13239,Jess shop cosmetics,False,1,5.0,1
301464,Bảo Hộ Lao Động ECo,False,1,0.0,0
179828,SHOP VÀNG ANH,False,1,5.0,1
762,NhaCungCap,False,1,4.2,9
92697,Gam Ma,False,1,0.0,0
38,Tinh Hoa,False,1,5.0,4
19944,Shop Thái Nhật Hàn,False,1,4.7,3
352407,LAC Official Store,False,1,5.0,5
179506,Shop Mỹ Phẩm Nga,False,1,4.5,2
90355,Bilaha Store,False,1,4.7,7
286772,KISSME VIETNAM,False,1,5.0,8
118104,tinh dầu thiên nhiên mộc mây,False,1,5.0,3
40331,49P Toothcare,False,1,4.8,65
195824,Haphuongshop,False,1,4.0,3
274292,HT2 SHOP,False,1,5.0,2
16414,Ninomaxx Concept,False,1,0.0,0
87626,Namquynhshop,False,1,4.0,1
324342,mlot Store,False,1,0.0,0
129573,Áo điều hòa,False,1,0.0,0
294290,Anlimen Gentle,False,1,0.0,0
70540,Phương Khang Sport,False,1,0.0,0
272127,Benzmen Fashion,False,1,0.0,0
211071,MFM FASHION,False,1,0.0,0
304979,Tiệm Đồ Lót Tee House,False,1,0.0,0
4702,Simple & Basic,False,1,0.0,0
365311,AeroLuxe,False,1,0.0,0
260851,SURE Luxurious,False,1,5.0,1
36961,Maxivic Signature,False,1,0.0,0
241803,Shop online 1703,False,1,0.0,0
19782,MUANHANH,False,1,5.0,1
363701,Trần Thị Thuỳ,False,1,0.0,0
160802,AIN Closet Official,False,1,0.0,0
194585,HNStore115,False,1,0.0,0
186114,Áo dài Tuấn Thi,False,1,0.0,0
251078,Vinaci,False,1,0.0,0
12998,Vincy Store,False,1,0.0,0
365586,Kiều Oanh Designer,False,1,0.0,0
310432,WEINS,False,1,0.0,0
107464,thoitrangxinh,False,1,0.0,0
135606,Myqlothing,False,1,0.0,0
5006,New4all (Tp.HCM),False,1,4.3,3
123029,Bách Hóa Online 24h,False,1,4.8,65
362830,HA MY SHOP 06,False,1,0.0,0
256698,Gốm Giang Bát Tràng,False,1,3.0,1
100773,Smart Trading,False,1,4.7,26
346508,Trầm Hương 3 Lành,False,1,5.0,1
293122,Dụng cụ làm vườn Greenhomevn,False,1,0.0,0
8582,OHAHA,False,1,5.0,3
1569,Gia Dụng thông minh,False,1,5.0,1
75315,Chăn Ga Gối Thanh Trúc,False,1,5.0,5
1363,juno sofa,False,1,4.0,1
19753,MSOFTVN,False,1,4.8,111
31375,Guitar MinMusic,False,1,2.0,1
159303,Nhựa Chấn Thuận Thành,False,1,4.2,40
9463,Bách hóa tổng hợp 168,False,1,4.5,54
67417,Shop AZ,False,1,5.0,2
364127,Quả cầu phong thuỷ1,False,1,5.0,1
11242,Tín An,False,1,4.6,225
308164,GoodPartner,False,1,5.0,8
95760,F8,False,1,4.8,9
86709,PHAN GIA BBK,False,1,4.1,46
115373,ANZZAR HOME,False,1,5.0,1
241398,XỐP DÁN TƯỜNG 3D TÂN PHÚ,False,1,4.6,31
233352,AnAn house,False,1,4.5,113
1346,Siêu Thị Nến,False,1,4.7,61
2684,HKT Home Shopping,False,1,4.6,9
364128,Quả cầu Phong thuỷ 23000,False,1,0.0,0
362662,MinhHải Zone,False,1,0.0,0
357571,Gốm Sứ G Gomie Ceramic Cao Cấp,False,1,5.0,2
227617,Bambo Mat HT,False,1,5.0,2
188965,Ga chống thấm LoveMama,False,1,4.7,3
234289,Nox Coffee Store,False,1,5.0,4
187817,SAPATA Official Store,False,1,5.0,2
