category_id,category_name,parent_id,level,url_slug,total_products,crawled_at
1789,Điện Thoại - Máy Tính Bảng,0,1,dien-thoai-may-tinh-bang,107,2026-10-01 12:17:46
1815,Thiết Bị Số - Phụ Kiện Số,0,1,thiet-bi-so-phu-kien-so,2000,2026-10-01 12:17:46
1882,Điện Gia Dụng,0,1,dien-gia-dung,2000,2026-10-01 12:17:46
8322,Nhà Sách Tiki,0,1,nha-sach-tiki,2000,2026-10-01 12:17:46
1520,Làm Đẹp - Sức Khỏe,0,1,lam-dep-suc-khoe,2000,2026-10-01 12:17:46
915,Thời Trang Nam,0,1,thoi-trang-nam,2000,2026-10-01 12:17:46
931,Thời Trang Nữ,0,1,thoi-trang-nu,2000,2026-10-01 12:17:46
1883,Nhà Cửa - Đời Sống,0,1,nha-cua-doi-song,2000,2026-10-01 12:17:46
4384,Bách Hóa Online,0,1,bach-hoa-online,2000,2026-10-01 12:17:46
1975,Thể Thao - Dã Ngoại,0,1,the-thao-da-ngoai,2000,2026-10-01 12:17:46
