customer_id,recency,frequency,monetary,customer_name,r_score,f_score,m_score,rfm_score,segment
1001,17,5,14231000,Trần Thị Mai,3,1,2,6,Khách Hàng Khám Phá (Promising)
1002,41,5,15202000,Lê Hoàng Long,2,1,2,5,Khách Hàng Nguy Cơ Rời Bỏ (At Risk)
1003,98,8,18800000,Phạm Minh Tuấn,1,3,2,6,Khách Hàng Khám Phá (Promising)
1004,27,10,46520500,Vũ Hải Đăng,3,4,4,11,Khách Hàng VIP (Champions)
1005,4,9,62399500,Hoàng Thảo My,4,3,4,11,Khách Hàng VIP (Champions)
1006,73,8,64580000,Đặng Quốc Bảo,1,3,4,8,Khách Hàng Tiềm Năng (Loyalists)
1007,21,4,30745000,Bùi Kim Ngân,3,1,3,7,Khách Hàng Khám Phá (Promising)
1008,13,6,21109500,Đỗ Hữu Nghĩa,4,1,2,7,Khách Hàng Khám Phá (Promising)
1009,36,12,34115500,Ngô Bích Phương,2,4,3,9,Khách Hàng Tiềm Năng (Loyalists)
1010,14,11,79944500,Dương Tuấn Kiệt,4,4,4,12,Khách Hàng VIP (Champions)
1011,80,5,41986000,Lý Thanh Hà,1,1,3,5,Khách Hàng Nguy Cơ Rời Bỏ (At Risk)
1012,96,3,1431000,Trương Quang Huy,1,1,1,3,Khách Hàng Nguy Cơ Rời Bỏ (At Risk)
1013,31,4,9541000,Mai Phương Thúy,3,1,1,5,Khách Hàng Nguy Cơ Rời Bỏ (At Risk)
1014,2,8,12657000,Phan Gia Huy,4,3,2,9,Khách Hàng Tiềm Năng (Loyalists)
1015,21,12,14208000,Trịnh Thu Thảo,3,4,2,9,Khách Hàng Tiềm Năng (Loyalists)
1016,45,8,46535500,Võ Đức Trí,2,3,4,9,Khách Hàng Tiềm Năng (Loyalists)
1017,8,7,20050500,Tạ Quỳnh Như,4,2,2,8,Khách Hàng Tiềm Năng (Loyalists)
1018,21,6,5070000,Lâm Quốc Khánh,3,1,1,5,Khách Hàng Nguy Cơ Rời Bỏ (At Risk)
1019,10,9,51099000,Cao Hoài Nam,4,3,4,11,Khách Hàng VIP (Champions)
1020,24,6,32815000,Nguyễn Văn An,3,1,3,7,Khách Hàng Khám Phá (Promising)
1021,63,8,20588500,Trần Thị Mai,2,3,2,7,Khách Hàng Khám Phá (Promising)
1022,213,5,20259000,Lê Hoàng Long,1,1,2,4,Khách Hàng Nguy Cơ Rời Bỏ (At Risk)
1023,33,6,26272000,Phạm Minh Tuấn,3,1,3,7,Khách Hàng Khám Phá (Promising)
1024,42,15,38211500,Vũ Hải Đăng,2,4,3,9,Khách Hàng Tiềm Năng (Loyalists)
1025,43,6,40130000,Hoàng Thảo My,2,1,3,6,Khách Hàng Khám Phá (Promising)
1026,90,10,22893500,Đặng Quốc Bảo,1,4,2,7,Khách Hàng Khám Phá (Promising)
1027,63,12,31423000,Bùi Kim Ngân,2,4,3,9,Khách Hàng Tiềm Năng (Loyalists)
1028,21,7,85086500,Đỗ Hữu Nghĩa,3,2,4,9,Khách Hàng Tiềm Năng (Loyalists)
1029,3,10,25152000,Ngô Bích Phương,4,4,2,10,Khách Hàng VIP (Champions)
1030,122,7,13523000,Dương Tuấn Kiệt,1,2,2,5,Khách Hàng Nguy Cơ Rời Bỏ (At Risk)
1031,19,10,31352000,Lý Thanh Hà,3,4,3,10,Khách Hàng VIP (Champions)
1032,31,9,28086500,Trương Quang Huy,3,3,3,9,Khách Hàng Tiềm Năng (Loyalists)
1033,42,10,21994000,Mai Phương Thúy,2,4,2,8,Khách Hàng Tiềm Năng (Loyalists)
1034,15,6,5288000,Phan Gia Huy,4,1,1,6,Khách Hàng Khám Phá (Promising)
1035,23,11,8509000,Trịnh Thu Thảo,3,4,1,8,Khách Hàng Tiềm Năng (Loyalists)
1036,7,7,20232000,Võ Đức Trí,4,2,2,8,Khách Hàng Tiềm Năng (Loyalists)
1037,28,10,58078000,Tạ Quỳnh Như,3,4,4,11,Khách Hàng VIP (Champions)
1038,38,8,25783000,Lâm Quốc Khánh,2,3,3,8,Khách Hàng Tiềm Năng (Loyalists)
1039,191,1,190000,Cao Hoài Nam,1,1,1,3,Khách Hàng Nguy Cơ Rời Bỏ (At Risk)
1040,4,5,16349000,Nguyễn Văn An,4,1,2,7,Khách Hàng Khám Phá (Promising)
1041,91,6,1984000,Trần Thị Mai,1,1,1,3,Khách Hàng Nguy Cơ Rời Bỏ (At Risk)
1042,27,7,31519000,Lê Hoàng Long,3,2,3,8,Khách Hàng Tiềm Năng (Loyalists)
1043,47,10,47429000,Phạm Minh Tuấn,2,4,4,10,Khách Hàng VIP (Champions)
1044,30,4,15153000,Vũ Hải Đăng,3,1,2,6,Khách Hàng Khám Phá (Promising)
1045,9,12,31850500,Hoàng Thảo My,4,4,3,11,Khách Hàng VIP (Champions)
1046,10,12,30728500,Đặng Quốc Bảo,4,4,3,11,Khách Hàng VIP (Champions)
1047,27,9,10662500,Bùi Kim Ngân,3,3,1,7,Khách Hàng Khám Phá (Promising)
1048,49,8,56581000,Đỗ Hữu Nghĩa,2,3,4,9,Khách Hàng Tiềm Năng (Loyalists)
1049,23,12,30345000,Ngô Bích Phương,3,4,3,10,Khách Hàng VIP (Champions)
1050,27,9,44417000,Dương Tuấn Kiệt,3,3,4,10,Khách Hàng VIP (Champions)
1051,58,5,43825000,Lý Thanh Hà,2,1,4,7,Khách Hàng Khám Phá (Promising)
1052,105,9,7620000,Trương Quang Huy,1,3,1,5,Khách Hàng Nguy Cơ Rời Bỏ (At Risk)
1053,16,13,5950500,Mai Phương Thúy,4,4,1,9,Khách Hàng Tiềm Năng (Loyalists)
1054,36,7,10643000,Phan Gia Huy,2,2,1,5,Khách Hàng Nguy Cơ Rời Bỏ (At Risk)
1055,20,8,64238500,Trịnh Thu Thảo,3,3,4,10,Khách Hàng VIP (Champions)
1056,110,7,22339000,Võ Đức Trí,1,2,2,5,Khách Hàng Nguy Cơ Rời Bỏ (At Risk)
1057,116,8,59466000,Tạ Quỳnh Như,1,3,4,8,Khách Hàng Tiềm Năng (Loyalists)
1058,15,3,4762500,Lâm Quốc Khánh,4,1,1,6,Khách Hàng Khám Phá (Promising)
1059,12,7,39710500,Cao Hoài Nam,4,2,3,9,Khách Hàng Tiềm Năng (Loyalists)
1060,40,9,99037500,Nguyễn Văn An,2,3,4,9,Khách Hàng Tiềm Năng (Loyalists)
1061,2,4,6175000,Trần Thị Mai,4,1,1,6,Khách Hàng Khám Phá (Promising)
1062,42,8,21211500,Lê Hoàng Long,2,3,2,7,Khách Hàng Khám Phá (Promising)
1063,6,10,17855500,Phạm Minh Tuấn,4,4,2,10,Khách Hàng VIP (Champions)
1064,77,6,49167000,Vũ Hải Đăng,1,1,4,6,Khách Hàng Khám Phá (Promising)
1065,2,4,17356500,Hoàng Thảo My,4,1,2,7,Khách Hàng Khám Phá (Promising)
1066,61,11,83737500,Đặng Quốc Bảo,2,4,4,10,Khách Hàng VIP (Champions)
1067,17,9,47892500,Bùi Kim Ngân,3,3,4,10,Khách Hàng VIP (Champions)
1068,5,12,44529500,Đỗ Hữu Nghĩa,4,4,4,12,Khách Hàng VIP (Champions)
1069,18,11,13452500,Ngô Bích Phương,3,4,2,9,Khách Hàng Tiềm Năng (Loyalists)
1070,4,13,54114500,Dương Tuấn Kiệt,4,4,4,12,Khách Hàng VIP (Champions)
1071,48,4,44540000,Lý Thanh Hà,2,1,4,7,Khách Hàng Khám Phá (Promising)
1072,111,3,16279000,Trương Quang Huy,1,1,2,4,Khách Hàng Nguy Cơ Rời Bỏ (At Risk)
1073,22,8,35377500,Mai Phương Thúy,3,3,3,9,Khách Hàng Tiềm Năng (Loyalists)
1074,49,7,4082500,Phan Gia Huy,2,2,1,5,Khách Hàng Nguy Cơ Rời Bỏ (At Risk)
1075,122,5,51933000,Trịnh Thu Thảo,1,1,4,6,Khách Hàng Khám Phá (Promising)
1076,30,6,10880000,Võ Đức Trí,3,1,1,5,Khách Hàng Nguy Cơ Rời Bỏ (At Risk)
1077,48,9,27473000,Tạ Quỳnh Như,2,3,3,8,Khách Hàng Tiềm Năng (Loyalists)
1078,60,5,23582500,Lâm Quốc Khánh,2,1,2,5,Khách Hàng Nguy Cơ Rời Bỏ (At Risk)
1079,25,10,98278500,Cao Hoài Nam,3,4,4,11,Khách Hàng VIP (Champions)
1080,61,8,16415500,Nguyễn Văn An,2,3,2,7,Khách Hàng Khám Phá (Promising)
1081,18,7,28009500,Trần Thị Mai,3,2,3,8,Khách Hàng Tiềm Năng (Loyalists)
1082,28,8,23084000,Lê Hoàng Long,3,3,2,8,Khách Hàng Tiềm Năng (Loyalists)
1083,179,6,15433000,Phạm Minh Tuấn,1,1,2,4,Khách Hàng Nguy Cơ Rời Bỏ (At Risk)
1084,94,11,21506000,Vũ Hải Đăng,1,4,2,7,Khách Hàng Khám Phá (Promising)
1085,13,7,10918500,Hoàng Thảo My,4,2,1,7,Khách Hàng Khám Phá (Promising)
1086,11,10,15352500,Đặng Quốc Bảo,4,4,2,10,Khách Hàng VIP (Champions)
1087,76,3,4502000,Bùi Kim Ngân,1,1,1,3,Khách Hàng Nguy Cơ Rời Bỏ (At Risk)
1088,1,5,25705000,Đỗ Hữu Nghĩa,4,1,3,8,Khách Hàng Tiềm Năng (Loyalists)
1089,9,9,57758000,Ngô Bích Phương,4,3,4,11,Khách Hàng VIP (Champions)
1090,73,9,33350000,Dương Tuấn Kiệt,1,3,3,7,Khách Hàng Khám Phá (Promising)
1091,62,10,51339000,Lý Thanh Hà,2,4,4,10,Khách Hàng VIP (Champions)
1092,9,6,2623000,Trương Quang Huy,4,2,1,7,Khách Hàng Khám Phá (Promising)
1093,21,12,56122500,Mai Phương Thúy,3,4,4,11,Khách Hàng VIP (Champions)
1094,27,8,15912000,Phan Gia Huy,3,3,2,8,Khách Hàng Tiềm Năng (Loyalists)
1095,58,7,24995000,Trịnh Thu Thảo,2,2,2,6,Khách Hàng Khám Phá (Promising)
1096,16,7,19451500,Võ Đức Trí,4,2,2,8,Khách Hàng Tiềm Năng (Loyalists)
1097,3,8,60080000,Tạ Quỳnh Như,4,3,4,11,Khách Hàng VIP (Champions)
1098,69,7,8980500,Lâm Quốc Khánh,1,2,1,4,Khách Hàng Nguy Cơ Rời Bỏ (At Risk)
1099,18,6,4456500,Cao Hoài Nam,3,2,1,6,Khách Hàng Khám Phá (Promising)
1100,72,4,8168000,Nguyễn Văn An,1,1,1,3,Khách Hàng Nguy Cơ Rời Bỏ (At Risk)
1101,125,10,20116000,Trần Thị Mai,1,4,2,7,Khách Hàng Khám Phá (Promising)
1102,30,10,33709500,Lê Hoàng Long,3,4,3,10,Khách Hàng VIP (Champions)
1103,11,8,31426000,Phạm Minh Tuấn,4,3,3,10,Khách Hàng VIP (Champions)
1104,31,3,709500,Vũ Hải Đăng,3,1,1,5,Khách Hàng Nguy Cơ Rời Bỏ (At Risk)
1105,9,6,15753500,Hoàng Thảo My,4,2,2,8,Khách Hàng Tiềm Năng (Loyalists)
1106,23,7,39101000,Đặng Quốc Bảo,3,2,3,8,Khách Hàng Tiềm Năng (Loyalists)
1107,8,12,29668000,Bùi Kim Ngân,4,4,3,11,Khách Hàng VIP (Champions)
1108,102,5,5106000,Đỗ Hữu Nghĩa,1,1,1,3,Khách Hàng Nguy Cơ Rời Bỏ (At Risk)
1109,39,3,1179000,Ngô Bích Phương,2,1,1,4,Khách Hàng Nguy Cơ Rời Bỏ (At Risk)
1110,33,9,25365500,Dương Tuấn Kiệt,3,3,3,9,Khách Hàng Tiềm Năng (Loyalists)
1111,28,9,5401500,Lý Thanh Hà,3,3,1,7,Khách Hàng Khám Phá (Promising)
1112,42,5,2894500,Trương Quang Huy,2,1,1,4,Khách Hàng Nguy Cơ Rời Bỏ (At Risk)
1113,30,7,18467500,Mai Phương Thúy,3,2,2,7,Khách Hàng Khám Phá (Promising)
1114,104,11,63775000,Phan Gia Huy,1,4,4,9,Khách Hàng Tiềm Năng (Loyalists)
1115,3,8,30618500,Trịnh Thu Thảo,4,3,3,10,Khách Hàng VIP (Champions)
1116,5,7,2240000,Võ Đức Trí,4,2,1,7,Khách Hàng Khám Phá (Promising)
1117,104,6,19757000,Tạ Quỳnh Như,1,2,2,5,Khách Hàng Nguy Cơ Rời Bỏ (At Risk)
1118,17,6,40511000,Lâm Quốc Khánh,3,2,3,8,Khách Hàng Tiềm Năng (Loyalists)
1119,84,4,5962000,Cao Hoài Nam,1,1,1,3,Khách Hàng Nguy Cơ Rời Bỏ (At Risk)
1120,24,6,30635000,Nguyễn Văn An,3,2,3,8,Khách Hàng Tiềm Năng (Loyalists)
1121,18,5,6981500,Trần Thị Mai,3,1,1,5,Khách Hàng Nguy Cơ Rời Bỏ (At Risk)
1122,66,8,20765000,Lê Hoàng Long,2,3,2,7,Khách Hàng Khám Phá (Promising)
1123,37,6,4706000,Phạm Minh Tuấn,2,2,1,5,Khách Hàng Nguy Cơ Rời Bỏ (At Risk)
1124,14,13,74118500,Vũ Hải Đăng,4,4,4,12,Khách Hàng VIP (Champions)
1125,65,5,39403000,Hoàng Thảo My,2,1,3,6,Khách Hàng Khám Phá (Promising)
1126,11,10,36543000,Đặng Quốc Bảo,4,4,3,11,Khách Hàng VIP (Champions)
1127,22,3,41959000,Bùi Kim Ngân,3,1,3,7,Khách Hàng Khám Phá (Promising)
1128,13,8,17352000,Đỗ Hữu Nghĩa,4,3,2,9,Khách Hàng Tiềm Năng (Loyalists)
1129,51,4,6406000,Ngô Bích Phương,2,1,1,4,Khách Hàng Nguy Cơ Rời Bỏ (At Risk)
1130,21,12,110118000,Dương Tuấn Kiệt,3,4,4,11,Khách Hàng VIP (Champions)
1131,211,3,5575000,Lý Thanh Hà,1,1,1,3,Khách Hàng Nguy Cơ Rời Bỏ (At Risk)
1132,118,5,5130000,Trương Quang Huy,1,1,1,3,Khách Hàng Nguy Cơ Rời Bỏ (At Risk)
1133,28,6,24889000,Mai Phương Thúy,3,2,2,7,Khách Hàng Khám Phá (Promising)
1134,59,6,40889000,Phan Gia Huy,2,2,3,7,Khách Hàng Khám Phá (Promising)
1135,13,10,48712500,Trịnh Thu Thảo,4,4,4,12,Khách Hàng VIP (Champions)
1136,63,11,45185000,Võ Đức Trí,2,4,4,10,Khách Hàng VIP (Champions)
1137,4,10,43258500,Tạ Quỳnh Như,4,4,4,12,Khách Hàng VIP (Champions)
1138,4,11,83118500,Lâm Quốc Khánh,4,4,4,12,Khách Hàng VIP (Champions)
1139,8,12,30886500,Cao Hoài Nam,4,4,3,11,Khách Hàng VIP (Champions)
1140,9,9,51197500,Nguyễn Văn An,4,3,4,11,Khách Hàng VIP (Champions)
1141,25,8,18928000,Trần Thị Mai,3,3,2,8,Khách Hàng Tiềm Năng (Loyalists)
1142,1,9,22571500,Lê Hoàng Long,4,3,2,9,Khách Hàng Tiềm Năng (Loyalists)
1143,35,7,33932000,Phạm Minh Tuấn,3,2,3,8,Khách Hàng Tiềm Năng (Loyalists)
1144,39,6,15720000,Vũ Hải Đăng,2,2,2,6,Khách Hàng Khám Phá (Promising)
1145,121,7,39708500,Hoàng Thảo My,1,2,3,6,Khách Hàng Khám Phá (Promising)
1146,139,7,54773500,Đặng Quốc Bảo,1,2,4,7,Khách Hàng Khám Phá (Promising)
1147,319,1,126000,Bùi Kim Ngân,1,1,1,3,Khách Hàng Nguy Cơ Rời Bỏ (At Risk)
1148,2,9,8729500,Đỗ Hữu Nghĩa,4,3,1,8,Khách Hàng Tiềm Năng (Loyalists)
1149,25,6,40631000,Ngô Bích Phương,3,2,3,8,Khách Hàng Tiềm Năng (Loyalists)
1150,32,7,32788000,Dương Tuấn Kiệt,3,2,3,8,Khách Hàng Tiềm Năng (Loyalists)
1151,213,3,10612000,Lý Thanh Hà,1,1,1,3,Khách Hàng Nguy Cơ Rời Bỏ (At Risk)
1152,21,5,26932500,Trương Quang Huy,3,1,3,7,Khách Hàng Khám Phá (Promising)
1153,2,14,69154500,Mai Phương Thúy,4,4,4,12,Khách Hàng VIP (Champions)
1154,14,9,8611000,Phan Gia Huy,4,3,1,8,Khách Hàng Tiềm Năng (Loyalists)
1155,15,7,20247500,Trịnh Thu Thảo,4,2,2,8,Khách Hàng Tiềm Năng (Loyalists)
1156,72,9,34345500,Võ Đức Trí,1,3,3,7,Khách Hàng Khám Phá (Promising)
1157,20,8,30217000,Tạ Quỳnh Như,3,3,3,9,Khách Hàng Tiềm Năng (Loyalists)
1158,36,7,4520000,Lâm Quốc Khánh,2,2,1,5,Khách Hàng Nguy Cơ Rời Bỏ (At Risk)
1159,8,4,40605500,Cao Hoài Nam,4,1,3,8,Khách Hàng Tiềm Năng (Loyalists)
1160,17,12,98071000,Nguyễn Văn An,3,4,4,11,Khách Hàng VIP (Champions)
1161,1,10,30976500,Trần Thị Mai,4,4,3,11,Khách Hàng VIP (Champions)
1162,49,13,86107500,Lê Hoàng Long,2,4,4,10,Khách Hàng VIP (Champions)
1163,71,9,14991000,Phạm Minh Tuấn,1,3,2,6,Khách Hàng Khám Phá (Promising)
1164,64,7,1622000,Vũ Hải Đăng,2,2,1,5,Khách Hàng Nguy Cơ Rời Bỏ (At Risk)
1165,59,2,3460000,Hoàng Thảo My,2,1,1,4,Khách Hàng Nguy Cơ Rời Bỏ (At Risk)
1166,4,11,16706000,Đặng Quốc Bảo,4,4,2,10,Khách Hàng VIP (Champions)
1167,31,6,44882500,Bùi Kim Ngân,3,2,4,9,Khách Hàng Tiềm Năng (Loyalists)
1168,207,6,47002500,Đỗ Hữu Nghĩa,1,2,4,7,Khách Hàng Khám Phá (Promising)
1169,6,6,17188000,Ngô Bích Phương,4,2,2,8,Khách Hàng Tiềm Năng (Loyalists)
1170,36,6,18659500,Dương Tuấn Kiệt,2,2,2,6,Khách Hàng Khám Phá (Promising)
1171,25,12,56245000,Lý Thanh Hà,3,4,4,11,Khách Hàng VIP (Champions)
1172,18,6,46593500,Trương Quang Huy,3,2,4,9,Khách Hàng Tiềm Năng (Loyalists)
1173,20,11,29680000,Mai Phương Thúy,3,4,3,10,Khách Hàng VIP (Champions)
1174,49,7,12114000,Phan Gia Huy,2,2,1,5,Khách Hàng Nguy Cơ Rời Bỏ (At Risk)
1175,30,8,29454000,Trịnh Thu Thảo,3,3,3,9,Khách Hàng Tiềm Năng (Loyalists)
1176,72,4,16108000,Võ Đức Trí,1,1,2,4,Khách Hàng Nguy Cơ Rời Bỏ (At Risk)
1177,8,8,39046000,Tạ Quỳnh Như,4,3,3,10,Khách Hàng VIP (Champions)
1178,44,9,33619000,Lâm Quốc Khánh,2,3,3,8,Khách Hàng Tiềm Năng (Loyalists)
1179,39,9,10483000,Cao Hoài Nam,2,3,1,6,Khách Hàng Khám Phá (Promising)
1180,15,5,1650000,Nguyễn Văn An,4,1,1,6,Khách Hàng Khám Phá (Promising)
1181,3,8,63414500,Trần Thị Mai,4,3,4,11,Khách Hàng VIP (Champions)
1182,17,6,24413000,Lê Hoàng Long,3,2,2,7,Khách Hàng Khám Phá (Promising)
1183,5,13,69167000,Phạm Minh Tuấn,4,4,4,12,Khách Hàng VIP (Champions)
1184,78,6,103570000,Vũ Hải Đăng,1,2,4,7,Khách Hàng Khám Phá (Promising)
1185,2,7,27302500,Hoàng Thảo My,4,2,3,9,Khách Hàng Tiềm Năng (Loyalists)
1186,13,16,40074000,Đặng Quốc Bảo,4,4,3,11,Khách Hàng VIP (Champions)
1187,28,8,69523000,Bùi Kim Ngân,3,3,4,10,Khách Hàng VIP (Champions)
1188,8,5,3307000,Đỗ Hữu Nghĩa,4,1,1,6,Khách Hàng Khám Phá (Promising)
1189,54,12,47455000,Ngô Bích Phương,2,4,4,10,Khách Hàng VIP (Champions)
1190,16,5,12686000,Dương Tuấn Kiệt,4,1,2,7,Khách Hàng Khám Phá (Promising)
1191,36,7,24718000,Lý Thanh Hà,2,2,2,6,Khách Hàng Khám Phá (Promising)
1192,56,7,34782500,Trương Quang Huy,2,2,3,7,Khách Hàng Khám Phá (Promising)
1193,8,13,56802000,Mai Phương Thúy,4,4,4,12,Khách Hàng VIP (Champions)
1194,68,6,26629500,Phan Gia Huy,1,2,3,6,Khách Hàng Khám Phá (Promising)
1195,18,5,9463000,Trịnh Thu Thảo,3,1,1,5,Khách Hàng Nguy Cơ Rời Bỏ (At Risk)
1196,25,7,27546000,Võ Đức Trí,3,2,3,8,Khách Hàng Tiềm Năng (Loyalists)
1197,165,4,30467000,Tạ Quỳnh Như,1,1,3,5,Khách Hàng Nguy Cơ Rời Bỏ (At Risk)
1198,17,8,24387000,Lâm Quốc Khánh,3,3,2,8,Khách Hàng Tiềm Năng (Loyalists)
1199,40,7,26498000,Cao Hoài Nam,2,2,3,7,Khách Hàng Khám Phá (Promising)
1200,36,10,14323500,Nguyễn Văn An,2,4,2,8,Khách Hàng Tiềm Năng (Loyalists)
1201,54,7,54279500,Trần Thị Mai,2,2,4,8,Khách Hàng Tiềm Năng (Loyalists)
1202,59,9,16413500,Lê Hoàng Long,2,3,2,7,Khách Hàng Khám Phá (Promising)
1203,7,10,19523500,Phạm Minh Tuấn,4,4,2,10,Khách Hàng VIP (Champions)
1204,9,7,7983000,Vũ Hải Đăng,4,2,1,7,Khách Hàng Khám Phá (Promising)
1205,130,3,15287000,Hoàng Thảo My,1,1,2,4,Khách Hàng Nguy Cơ Rời Bỏ (At Risk)
1206,5,5,5139500,Đặng Quốc Bảo,4,1,1,6,Khách Hàng Khám Phá (Promising)
1207,27,7,59208500,Bùi Kim Ngân,3,2,4,9,Khách Hàng Tiềm Năng (Loyalists)
1208,71,8,15696500,Đỗ Hữu Nghĩa,1,3,2,6,Khách Hàng Khám Phá (Promising)
1209,76,5,5089000,Ngô Bích Phương,1,1,1,3,Khách Hàng Nguy Cơ Rời Bỏ (At Risk)
1210,43,5,16674000,Dương Tuấn Kiệt,2,1,2,5,Khách Hàng Nguy Cơ Rời Bỏ (At Risk)
1211,26,9,72012500,Lý Thanh Hà,3,3,4,10,Khách Hàng VIP (Champions)
1212,29,7,53465000,Trương Quang Huy,3,2,4,9,Khách Hàng Tiềm Năng (Loyalists)
1213,120,8,32162000,Mai Phương Thúy,1,3,3,7,Khách Hàng Khám Phá (Promising)
1214,91,6,16593000,Phan Gia Huy,1,2,2,5,Khách Hàng Nguy Cơ Rời Bỏ (At Risk)
1215,41,8,37950500,Trịnh Thu Thảo,2,3,3,8,Khách Hàng Tiềm Năng (Loyalists)
1216,7,13,92787000,Võ Đức Trí,4,4,4,12,Khách Hàng VIP (Champions)
1217,167,7,36506500,Tạ Quỳnh Như,1,2,3,6,Khách Hàng Khám Phá (Promising)
1218,29,8,11399500,Lâm Quốc Khánh,3,3,1,7,Khách Hàng Khám Phá (Promising)
1219,1,10,31457000,Cao Hoài Nam,4,4,3,11,Khách Hàng VIP (Champions)
1220,88,9,45830000,Nguyễn Văn An,1,3,4,8,Khách Hàng Tiềm Năng (Loyalists)
1221,22,5,10755000,Trần Thị Mai,3,1,1,5,Khách Hàng Nguy Cơ Rời Bỏ (At Risk)
1222,97,11,92142000,Lê Hoàng Long,1,4,4,9,Khách Hàng Tiềm Năng (Loyalists)
1223,22,10,55109000,Phạm Minh Tuấn,3,4,4,11,Khách Hàng VIP (Champions)
1224,53,10,25924000,Vũ Hải Đăng,2,4,3,9,Khách Hàng Tiềm Năng (Loyalists)
1225,4,12,45199000,Hoàng Thảo My,4,4,4,12,Khách Hàng VIP (Champions)
1226,87,9,25104000,Đặng Quốc Bảo,1,3,2,6,Khách Hàng Khám Phá (Promising)
1227,24,7,81998500,Bùi Kim Ngân,3,2,4,9,Khách Hàng Tiềm Năng (Loyalists)
1228,7,12,35296000,Đỗ Hữu Nghĩa,4,4,3,11,Khách Hàng VIP (Champions)
1229,4,9,67027000,Ngô Bích Phương,4,3,4,11,Khách Hàng VIP (Champions)
1230,6,9,66430500,Dương Tuấn Kiệt,4,3,4,11,Khách Hàng VIP (Champions)
1231,91,4,9659000,Lý Thanh Hà,1,1,1,3,Khách Hàng Nguy Cơ Rời Bỏ (At Risk)
1232,29,7,60951000,Trương Quang Huy,3,2,4,9,Khách Hàng Tiềm Năng (Loyalists)
1233,14,16,83804000,Mai Phương Thúy,4,4,4,12,Khách Hàng VIP (Champions)
1234,25,7,3686500,Phan Gia Huy,3,2,1,6,Khách Hàng Khám Phá (Promising)
1235,66,7,11489500,Trịnh Thu Thảo,2,2,1,5,Khách Hàng Nguy Cơ Rời Bỏ (At Risk)
1236,46,12,74927000,Võ Đức Trí,2,4,4,10,Khách Hàng VIP (Champions)
1237,7,6,7751500,Tạ Quỳnh Như,4,2,1,7,Khách Hàng Khám Phá (Promising)
1238,2,7,16759000,Lâm Quốc Khánh,4,2,2,8,Khách Hàng Tiềm Năng (Loyalists)
1239,85,10,7122500,Cao Hoài Nam,1,4,1,6,Khách Hàng Khám Phá (Promising)
1240,66,6,49741500,Nguyễn Văn An,2,2,4,8,Khách Hàng Tiềm Năng (Loyalists)
1241,2,5,2037500,Trần Thị Mai,4,1,1,6,Khách Hàng Khám Phá (Promising)
1242,34,5,7646500,Lê Hoàng Long,3,1,1,5,Khách Hàng Nguy Cơ Rời Bỏ (At Risk)
1243,166,5,1708500,Phạm Minh Tuấn,1,1,1,3,Khách Hàng Nguy Cơ Rời Bỏ (At Risk)
1244,124,5,32309000,Vũ Hải Đăng,1,1,3,5,Khách Hàng Nguy Cơ Rời Bỏ (At Risk)
1245,112,5,22286000,Hoàng Thảo My,1,1,2,4,Khách Hàng Nguy Cơ Rời Bỏ (At Risk)
1246,105,6,36722000,Đặng Quốc Bảo,1,2,3,6,Khách Hàng Khám Phá (Promising)
1247,87,6,5968500,Bùi Kim Ngân,1,2,1,4,Khách Hàng Nguy Cơ Rời Bỏ (At Risk)
1248,18,5,34400000,Đỗ Hữu Nghĩa,3,1,3,7,Khách Hàng Khám Phá (Promising)
1249,52,7,46966000,Ngô Bích Phương,2,2,4,8,Khách Hàng Tiềm Năng (Loyalists)
1250,72,8,45812500,Dương Tuấn Kiệt,1,3,4,8,Khách Hàng Tiềm Năng (Loyalists)
1251,7,5,9809000,Lý Thanh Hà,4,1,1,6,Khách Hàng Khám Phá (Promising)
1252,88,6,29470500,Trương Quang Huy,1,2,3,6,Khách Hàng Khám Phá (Promising)
1253,76,5,19000500,Mai Phương Thúy,1,1,2,4,Khách Hàng Nguy Cơ Rời Bỏ (At Risk)
1254,170,5,36778500,Phan Gia Huy,1,1,3,5,Khách Hàng Nguy Cơ Rời Bỏ (At Risk)
1255,48,8,26296500,Trịnh Thu Thảo,2,3,3,8,Khách Hàng Tiềm Năng (Loyalists)
1256,135,4,8686500,Võ Đức Trí,1,1,1,3,Khách Hàng Nguy Cơ Rời Bỏ (At Risk)
1257,126,7,21108000,Tạ Quỳnh Như,1,2,2,5,Khách Hàng Nguy Cơ Rời Bỏ (At Risk)
1258,9,7,34315000,Lâm Quốc Khánh,4,2,3,9,Khách Hàng Tiềm Năng (Loyalists)
1259,58,8,40068000,Cao Hoài Nam,2,3,3,8,Khách Hàng Tiềm Năng (Loyalists)
1260,3,5,25492000,Nguyễn Văn An,4,1,3,8,Khách Hàng Tiềm Năng (Loyalists)
1261,27,8,11275500,Trần Thị Mai,3,3,1,7,Khách Hàng Khám Phá (Promising)
1262,1,11,27077000,Lê Hoàng Long,4,4,3,11,Khách Hàng VIP (Champions)
1263,114,4,19523000,Phạm Minh Tuấn,1,1,2,4,Khách Hàng Nguy Cơ Rời Bỏ (At Risk)
1264,56,8,76017500,Vũ Hải Đăng,2,3,4,9,Khách Hàng Tiềm Năng (Loyalists)
1265,105,6,36900000,Hoàng Thảo My,1,2,3,6,Khách Hàng Khám Phá (Promising)
1266,64,10,19940000,Đặng Quốc Bảo,2,4,2,8,Khách Hàng Tiềm Năng (Loyalists)
1267,42,7,12157500,Bùi Kim Ngân,2,2,2,6,Khách Hàng Khám Phá (Promising)
1268,66,3,35561000,Đỗ Hữu Nghĩa,2,1,3,6,Khách Hàng Khám Phá (Promising)
1269,79,11,27962500,Ngô Bích Phương,1,4,3,8,Khách Hàng Tiềm Năng (Loyalists)
1270,25,6,36601000,Dương Tuấn Kiệt,3,2,3,8,Khách Hàng Tiềm Năng (Loyalists)
1271,74,5,18318500,Lý Thanh Hà,1,1,2,4,Khách Hàng Nguy Cơ Rời Bỏ (At Risk)
1272,6,10,8622500,Trương Quang Huy,4,4,1,9,Khách Hàng Tiềm Năng (Loyalists)
1273,5,8,12870500,Mai Phương Thúy,4,3,2,9,Khách Hàng Tiềm Năng (Loyalists)
1274,35,4,13992000,Phan Gia Huy,3,1,2,6,Khách Hàng Khám Phá (Promising)
1275,27,5,9251500,Trịnh Thu Thảo,3,1,1,5,Khách Hàng Nguy Cơ Rời Bỏ (At Risk)
1276,64,7,29142000,Võ Đức Trí,2,2,3,7,Khách Hàng Khám Phá (Promising)
1277,46,8,23027000,Tạ Quỳnh Như,2,3,2,7,Khách Hàng Khám Phá (Promising)
1278,44,13,90015500,Lâm Quốc Khánh,2,4,4,10,Khách Hàng VIP (Champions)
1279,29,7,3881500,Cao Hoài Nam,3,2,1,6,Khách Hàng Khám Phá (Promising)
1280,135,7,8642500,Nguyễn Văn An,1,2,1,4,Khách Hàng Nguy Cơ Rời Bỏ (At Risk)
1281,102,5,14528500,Trần Thị Mai,1,1,2,4,Khách Hàng Nguy Cơ Rời Bỏ (At Risk)
1282,11,9,28226000,Lê Hoàng Long,4,3,3,10,Khách Hàng VIP (Champions)
1283,44,8,3122500,Phạm Minh Tuấn,2,3,1,6,Khách Hàng Khám Phá (Promising)
1284,19,8,22323500,Vũ Hải Đăng,3,3,2,8,Khách Hàng Tiềm Năng (Loyalists)
1285,44,10,14851000,Hoàng Thảo My,2,4,2,8,Khách Hàng Tiềm Năng (Loyalists)
1286,5,5,28922500,Đặng Quốc Bảo,4,1,3,8,Khách Hàng Tiềm Năng (Loyalists)
1287,18,8,4698000,Bùi Kim Ngân,3,3,1,7,Khách Hàng Khám Phá (Promising)
1288,44,8,45801000,Đỗ Hữu Nghĩa,2,3,4,9,Khách Hàng Tiềm Năng (Loyalists)
1289,74,7,37826000,Ngô Bích Phương,1,2,3,6,Khách Hàng Khám Phá (Promising)
1290,7,4,14894000,Dương Tuấn Kiệt,4,1,2,7,Khách Hàng Khám Phá (Promising)
1291,28,5,20214000,Lý Thanh Hà,3,1,2,6,Khách Hàng Khám Phá (Promising)
1292,133,3,29087500,Trương Quang Huy,1,1,3,5,Khách Hàng Nguy Cơ Rời Bỏ (At Risk)
1293,55,7,36015000,Mai Phương Thúy,2,2,3,7,Khách Hàng Khám Phá (Promising)
1294,8,14,46166500,Phan Gia Huy,4,4,4,12,Khách Hàng VIP (Champions)
1295,7,8,28218500,Trịnh Thu Thảo,4,3,3,10,Khách Hàng VIP (Champions)
1296,23,7,15409500,Võ Đức Trí,3,2,2,7,Khách Hàng Khám Phá (Promising)
1297,82,13,79740000,Tạ Quỳnh Như,1,4,4,9,Khách Hàng Tiềm Năng (Loyalists)
1298,178,2,35765000,Lâm Quốc Khánh,1,1,3,5,Khách Hàng Nguy Cơ Rời Bỏ (At Risk)
1299,13,4,33206000,Cao Hoài Nam,4,1,3,8,Khách Hàng Tiềm Năng (Loyalists)
1300,58,5,25960500,Nguyễn Văn An,2,1,3,6,Khách Hàng Khám Phá (Promising)
1301,32,9,24817500,Trần Thị Mai,3,3,2,8,Khách Hàng Tiềm Năng (Loyalists)
1302,61,5,1452500,Lê Hoàng Long,2,1,1,4,Khách Hàng Nguy Cơ Rời Bỏ (At Risk)
1303,42,5,14446500,Phạm Minh Tuấn,2,1,2,5,Khách Hàng Nguy Cơ Rời Bỏ (At Risk)
1304,213,5,30280000,Vũ Hải Đăng,1,1,3,5,Khách Hàng Nguy Cơ Rời Bỏ (At Risk)
1305,26,6,18941000,Hoàng Thảo My,3,2,2,7,Khách Hàng Khám Phá (Promising)
1306,21,10,67839500,Đặng Quốc Bảo,3,4,4,11,Khách Hàng VIP (Champions)
1307,7,9,22851000,Bùi Kim Ngân,4,3,2,9,Khách Hàng Tiềm Năng (Loyalists)
1308,55,7,34167000,Đỗ Hữu Nghĩa,2,2,3,7,Khách Hàng Khám Phá (Promising)
1309,54,6,49107000,Ngô Bích Phương,2,2,4,8,Khách Hàng Tiềm Năng (Loyalists)
1310,41,9,47568500,Dương Tuấn Kiệt,2,3,4,9,Khách Hàng Tiềm Năng (Loyalists)
1311,104,9,26896500,Lý Thanh Hà,1,3,3,7,Khách Hàng Khám Phá (Promising)
1312,85,9,7593000,Trương Quang Huy,1,3,1,5,Khách Hàng Nguy Cơ Rời Bỏ (At Risk)
1313,60,8,37830000,Mai Phương Thúy,2,3,3,8,Khách Hàng Tiềm Năng (Loyalists)
1314,16,3,23040000,Phan Gia Huy,4,1,2,7,Khách Hàng Khám Phá (Promising)
1315,94,4,7335000,Trịnh Thu Thảo,1,1,1,3,Khách Hàng Nguy Cơ Rời Bỏ (At Risk)
1316,15,4,22044500,Võ Đức Trí,4,1,2,7,Khách Hàng Khám Phá (Promising)
1317,187,5,56580000,Tạ Quỳnh Như,1,1,4,6,Khách Hàng Khám Phá (Promising)
1318,32,11,44175000,Lâm Quốc Khánh,3,4,4,11,Khách Hàng VIP (Champions)
1319,31,8,14288000,Cao Hoài Nam,3,3,2,8,Khách Hàng Tiềm Năng (Loyalists)
1320,24,8,2512000,Nguyễn Văn An,3,3,1,7,Khách Hàng Khám Phá (Promising)
1321,171,5,6852000,Trần Thị Mai,1,1,1,3,Khách Hàng Nguy Cơ Rời Bỏ (At Risk)
1322,42,7,17499000,Lê Hoàng Long,2,2,2,6,Khách Hàng Khám Phá (Promising)
1323,9,15,103115500,Phạm Minh Tuấn,4,4,4,12,Khách Hàng VIP (Champions)
1324,85,3,1105000,Vũ Hải Đăng,1,1,1,3,Khách Hàng Nguy Cơ Rời Bỏ (At Risk)
1325,7,4,11508000,Hoàng Thảo My,4,1,1,6,Khách Hàng Khám Phá (Promising)
1326,36,6,9640000,Đặng Quốc Bảo,2,2,1,5,Khách Hàng Nguy Cơ Rời Bỏ (At Risk)
1327,75,7,13190000,Bùi Kim Ngân,1,2,2,5,Khách Hàng Nguy Cơ Rời Bỏ (At Risk)
1328,73,6,10896000,Đỗ Hữu Nghĩa,1,2,1,4,Khách Hàng Nguy Cơ Rời Bỏ (At Risk)
1329,66,8,11427500,Ngô Bích Phương,2,3,1,6,Khách Hàng Khám Phá (Promising)
1330,2,11,88651000,Dương Tuấn Kiệt,4,4,4,12,Khách Hàng VIP (Champions)
1331,93,7,29499000,Lý Thanh Hà,1,2,3,6,Khách Hàng Khám Phá (Promising)
1332,142,7,56109000,Trương Quang Huy,1,2,4,7,Khách Hàng Khám Phá (Promising)
1333,107,7,10393000,Mai Phương Thúy,1,2,1,4,Khách Hàng Nguy Cơ Rời Bỏ (At Risk)
1334,37,11,28236000,Phan Gia Huy,2,4,3,9,Khách Hàng Tiềm Năng (Loyalists)
1335,52,5,10989000,Trịnh Thu Thảo,2,1,1,4,Khách Hàng Nguy Cơ Rời Bỏ (At Risk)
1336,3,8,60400000,Võ Đức Trí,4,3,4,11,Khách Hàng VIP (Champions)
1337,155,4,6436500,Tạ Quỳnh Như,1,1,1,3,Khách Hàng Nguy Cơ Rời Bỏ (At Risk)
1338,16,11,70673500,Lâm Quốc Khánh,4,4,4,12,Khách Hàng VIP (Champions)
1339,41,10,29931500,Cao Hoài Nam,2,4,3,9,Khách Hàng Tiềm Năng (Loyalists)
1340,95,7,56288500,Nguyễn Văn An,1,2,4,7,Khách Hàng Khám Phá (Promising)
1341,5,6,47614000,Trần Thị Mai,4,2,4,10,Khách Hàng VIP (Champions)
1342,29,8,34411000,Lê Hoàng Long,3,3,3,9,Khách Hàng Tiềm Năng (Loyalists)
1343,51,6,21337000,Phạm Minh Tuấn,2,2,2,6,Khách Hàng Khám Phá (Promising)
1344,5,7,5092000,Vũ Hải Đăng,4,2,1,7,Khách Hàng Khám Phá (Promising)
1345,68,10,62886000,Hoàng Thảo My,1,4,4,9,Khách Hàng Tiềm Năng (Loyalists)
1346,32,6,11967500,Đặng Quốc Bảo,3,2,1,6,Khách Hàng Khám Phá (Promising)
1347,66,8,65641000,Bùi Kim Ngân,2,3,4,9,Khách Hàng Tiềm Năng (Loyalists)
1348,39,7,34180500,Đỗ Hữu Nghĩa,2,2,3,7,Khách Hàng Khám Phá (Promising)
1349,19,11,74731500,Ngô Bích Phương,3,4,4,11,Khách Hàng VIP (Champions)
1350,25,9,5979000,Dương Tuấn Kiệt,3,3,1,7,Khách Hàng Khám Phá (Promising)
1351,1,10,5881000,Lý Thanh Hà,4,4,1,9,Khách Hàng Tiềm Năng (Loyalists)
1352,70,7,31600000,Trương Quang Huy,1,2,3,6,Khách Hàng Khám Phá (Promising)
1353,75,2,2307000,Mai Phương Thúy,1,1,1,3,Khách Hàng Nguy Cơ Rời Bỏ (At Risk)
1354,21,9,40601000,Phan Gia Huy,3,3,3,9,Khách Hàng Tiềm Năng (Loyalists)
1355,26,10,14917000,Trịnh Thu Thảo,3,4,2,9,Khách Hàng Tiềm Năng (Loyalists)
1356,77,8,42206500,Võ Đức Trí,1,3,3,7,Khách Hàng Khám Phá (Promising)
1357,16,3,3556500,Tạ Quỳnh Như,4,1,1,6,Khách Hàng Khám Phá (Promising)
1358,71,8,20371500,Lâm Quốc Khánh,1,3,2,6,Khách Hàng Khám Phá (Promising)
1359,26,7,23188500,Cao Hoài Nam,3,2,2,7,Khách Hàng Khám Phá (Promising)
1360,44,7,6925000,Nguyễn Văn An,2,2,1,5,Khách Hàng Nguy Cơ Rời Bỏ (At Risk)
1361,17,5,7670000,Trần Thị Mai,3,1,1,5,Khách Hàng Nguy Cơ Rời Bỏ (At Risk)
1362,13,8,99460000,Lê Hoàng Long,4,3,4,11,Khách Hàng VIP (Champions)
1363,34,11,80262500,Phạm Minh Tuấn,3,4,4,11,Khách Hàng VIP (Champions)
1364,149,3,19844500,Vũ Hải Đăng,1,1,2,4,Khách Hàng Nguy Cơ Rời Bỏ (At Risk)
1365,29,3,1289000,Hoàng Thảo My,3,1,1,5,Khách Hàng Nguy Cơ Rời Bỏ (At Risk)
1366,28,10,56885000,Đặng Quốc Bảo,3,4,4,11,Khách Hàng VIP (Champions)
1367,19,12,74124500,Bùi Kim Ngân,3,4,4,11,Khách Hàng VIP (Champions)
1368,5,6,13912500,Đỗ Hữu Nghĩa,4,2,2,8,Khách Hàng Tiềm Năng (Loyalists)
1369,169,5,8778000,Ngô Bích Phương,1,1,1,3,Khách Hàng Nguy Cơ Rời Bỏ (At Risk)
1370,41,11,73719000,Dương Tuấn Kiệt,2,4,4,10,Khách Hàng VIP (Champions)
1371,72,8,43299500,Lý Thanh Hà,1,3,4,8,Khách Hàng Tiềm Năng (Loyalists)
1372,13,5,12682000,Trương Quang Huy,4,1,2,7,Khách Hàng Khám Phá (Promising)
1373,77,10,59033000,Mai Phương Thúy,1,4,4,9,Khách Hàng Tiềm Năng (Loyalists)
1374,37,6,7341000,Phan Gia Huy,2,2,1,5,Khách Hàng Nguy Cơ Rời Bỏ (At Risk)
1375,3,7,11691000,Trịnh Thu Thảo,4,2,1,7,Khách Hàng Khám Phá (Promising)
1376,62,8,33764500,Võ Đức Trí,2,3,3,8,Khách Hàng Tiềm Năng (Loyalists)
1377,23,5,55078000,Tạ Quỳnh Như,3,1,4,8,Khách Hàng Tiềm Năng (Loyalists)
1378,13,5,2646000,Lâm Quốc Khánh,4,1,1,6,Khách Hàng Khám Phá (Promising)
1379,47,9,47953500,Cao Hoài Nam,2,3,4,9,Khách Hàng Tiềm Năng (Loyalists)
1380,30,9,30975500,Nguyễn Văn An,3,3,3,9,Khách Hàng Tiềm Năng (Loyalists)
1381,11,9,49474500,Trần Thị Mai,4,3,4,11,Khách Hàng VIP (Champions)
1382,10,5,39443000,Lê Hoàng Long,4,1,3,8,Khách Hàng Tiềm Năng (Loyalists)
1383,17,5,7123500,Phạm Minh Tuấn,3,1,1,5,Khách Hàng Nguy Cơ Rời Bỏ (At Risk)
1384,19,3,21424500,Vũ Hải Đăng,3,1,2,6,Khách Hàng Khám Phá (Promising)
1385,4,4,34764000,Hoàng Thảo My,4,1,3,8,Khách Hàng Tiềm Năng (Loyalists)
1386,39,11,65186500,Đặng Quốc Bảo,2,4,4,10,Khách Hàng VIP (Champions)
1387,56,9,19104000,Bùi Kim Ngân,2,3,2,7,Khách Hàng Khám Phá (Promising)
1388,89,7,24489000,Đỗ Hữu Nghĩa,1,2,2,5,Khách Hàng Nguy Cơ Rời Bỏ (At Risk)
1389,51,11,91198500,Ngô Bích Phương,2,4,4,10,Khách Hàng VIP (Champions)
1390,85,2,40120000,Dương Tuấn Kiệt,1,1,3,5,Khách Hàng Nguy Cơ Rời Bỏ (At Risk)
1391,1,9,92113000,Lý Thanh Hà,4,3,4,11,Khách Hàng VIP (Champions)
1392,3,8,42952500,Trương Quang Huy,4,3,4,11,Khách Hàng VIP (Champions)
1393,81,4,20416000,Mai Phương Thúy,1,1,2,4,Khách Hàng Nguy Cơ Rời Bỏ (At Risk)
1394,37,11,37543000,Phan Gia Huy,2,4,3,9,Khách Hàng Tiềm Năng (Loyalists)
1395,92,4,22802000,Trịnh Thu Thảo,1,1,2,4,Khách Hàng Nguy Cơ Rời Bỏ (At Risk)
1396,13,10,53208500,Võ Đức Trí,4,4,4,12,Khách Hàng VIP (Champions)
1397,130,9,15145000,Tạ Quỳnh Như,1,3,2,6,Khách Hàng Khám Phá (Promising)
1398,39,7,40831500,Lâm Quốc Khánh,2,2,3,7,Khách Hàng Khám Phá (Promising)
1399,70,12,89290000,Cao Hoài Nam,1,4,4,9,Khách Hàng Tiềm Năng (Loyalists)
1400,28,7,53455000,Nguyễn Văn An,3,2,4,9,Khách Hàng Tiềm Năng (Loyalists)
1401,83,10,58399500,Trần Thị Mai,1,4,4,9,Khách Hàng Tiềm Năng (Loyalists)
1402,20,7,53036000,Lê Hoàng Long,3,2,4,9,Khách Hàng Tiềm Năng (Loyalists)
1403,11,10,35908500,Phạm Minh Tuấn,4,4,3,11,Khách Hàng VIP (Champions)
1404,56,7,26567000,Vũ Hải Đăng,2,2,3,7,Khách Hàng Khám Phá (Promising)
1405,108,4,21176500,Hoàng Thảo My,1,1,2,4,Khách Hàng Nguy Cơ Rời Bỏ (At Risk)
1406,79,8,23292000,Đặng Quốc Bảo,1,3,2,6,Khách Hàng Khám Phá (Promising)
1407,20,5,6861500,Bùi Kim Ngân,3,1,1,5,Khách Hàng Nguy Cơ Rời Bỏ (At Risk)
1408,6,10,1982500,Đỗ Hữu Nghĩa,4,4,1,9,Khách Hàng Tiềm Năng (Loyalists)
1409,22,8,18240000,Ngô Bích Phương,3,3,2,8,Khách Hàng Tiềm Năng (Loyalists)
1410,52,14,101475500,Dương Tuấn Kiệt,2,4,4,10,Khách Hàng VIP (Champions)
1411,6,6,25494000,Lý Thanh Hà,4,2,3,9,Khách Hàng Tiềm Năng (Loyalists)
1412,31,9,34788000,Trương Quang Huy,3,3,3,9,Khách Hàng Tiềm Năng (Loyalists)
1413,52,10,24151000,Mai Phương Thúy,2,4,2,8,Khách Hàng Tiềm Năng (Loyalists)
1414,39,6,2762000,Phan Gia Huy,2,2,1,5,Khách Hàng Nguy Cơ Rời Bỏ (At Risk)
1415,25,6,36661000,Trịnh Thu Thảo,3,2,3,8,Khách Hàng Tiềm Năng (Loyalists)
1416,47,6,3955500,Võ Đức Trí,2,2,1,5,Khách Hàng Nguy Cơ Rời Bỏ (At Risk)
1417,106,8,29544500,Tạ Quỳnh Như,1,3,3,7,Khách Hàng Khám Phá (Promising)
1418,1,7,17003500,Lâm Quốc Khánh,4,2,2,8,Khách Hàng Tiềm Năng (Loyalists)
1419,93,11,68160500,Cao Hoài Nam,1,4,4,9,Khách Hàng Tiềm Năng (Loyalists)
1420,97,5,5561500,Nguyễn Văn An,1,1,1,3,Khách Hàng Nguy Cơ Rời Bỏ (At Risk)
1421,4,8,40749500,Trần Thị Mai,4,3,3,10,Khách Hàng VIP (Champions)
1422,78,12,43588500,Lê Hoàng Long,1,4,4,9,Khách Hàng Tiềm Năng (Loyalists)
1423,155,2,882000,Phạm Minh Tuấn,1,1,1,3,Khách Hàng Nguy Cơ Rời Bỏ (At Risk)
1424,1,7,15799500,Vũ Hải Đăng,4,2,2,8,Khách Hàng Tiềm Năng (Loyalists)
1425,16,7,2328500,Hoàng Thảo My,4,2,1,7,Khách Hàng Khám Phá (Promising)
1426,7,7,55499000,Đặng Quốc Bảo,4,2,4,10,Khách Hàng VIP (Champions)
1427,56,7,59093500,Bùi Kim Ngân,2,2,4,8,Khách Hàng Tiềm Năng (Loyalists)
1428,27,11,51679500,Đỗ Hữu Nghĩa,3,4,4,11,Khách Hàng VIP (Champions)
1429,62,7,55815000,Ngô Bích Phương,2,2,4,8,Khách Hàng Tiềm Năng (Loyalists)
1430,11,5,19690000,Dương Tuấn Kiệt,4,1,2,7,Khách Hàng Khám Phá (Promising)
1431,8,10,74156500,Lý Thanh Hà,4,4,4,12,Khách Hàng VIP (Champions)
1432,41,6,2118000,Trương Quang Huy,2,2,1,5,Khách Hàng Nguy Cơ Rời Bỏ (At Risk)
1433,47,9,37357000,Mai Phương Thúy,2,3,3,8,Khách Hàng Tiềm Năng (Loyalists)
1434,9,10,42900000,Phan Gia Huy,4,4,4,12,Khách Hàng VIP (Champions)
1435,19,8,5918000,Trịnh Thu Thảo,3,3,1,7,Khách Hàng Khám Phá (Promising)
1436,6,9,18745500,Võ Đức Trí,4,3,2,9,Khách Hàng Tiềm Năng (Loyalists)
1437,122,6,5693500,Tạ Quỳnh Như,1,2,1,4,Khách Hàng Nguy Cơ Rời Bỏ (At Risk)
1438,6,8,13274000,Lâm Quốc Khánh,4,3,2,9,Khách Hàng Tiềm Năng (Loyalists)
1439,52,12,41309000,Cao Hoài Nam,2,4,3,9,Khách Hàng Tiềm Năng (Loyalists)
1440,39,7,4428000,Nguyễn Văn An,2,2,1,5,Khách Hàng Nguy Cơ Rời Bỏ (At Risk)
1441,13,4,13502500,Trần Thị Mai,4,1,2,7,Khách Hàng Khám Phá (Promising)
1442,59,6,29091500,Lê Hoàng Long,2,2,3,7,Khách Hàng Khám Phá (Promising)
1443,11,6,18265000,Phạm Minh Tuấn,4,2,2,8,Khách Hàng Tiềm Năng (Loyalists)
1444,35,8,6697500,Vũ Hải Đăng,3,3,1,7,Khách Hàng Khám Phá (Promising)
1445,64,7,24240000,Hoàng Thảo My,2,2,2,6,Khách Hàng Khám Phá (Promising)
1446,101,6,29695000,Đặng Quốc Bảo,1,2,3,6,Khách Hàng Khám Phá (Promising)
1447,60,7,1532000,Bùi Kim Ngân,2,2,1,5,Khách Hàng Nguy Cơ Rời Bỏ (At Risk)
1448,29,6,3093000,Đỗ Hữu Nghĩa,3,2,1,6,Khách Hàng Khám Phá (Promising)
1449,5,12,58779000,Ngô Bích Phương,4,4,4,12,Khách Hàng VIP (Champions)
1450,28,6,25525500,Dương Tuấn Kiệt,3,2,3,8,Khách Hàng Tiềm Năng (Loyalists)
1451,45,5,34555000,Lý Thanh Hà,2,1,3,6,Khách Hàng Khám Phá (Promising)
1452,30,8,43974000,Trương Quang Huy,3,3,4,10,Khách Hàng VIP (Champions)
1453,62,10,56130000,Mai Phương Thúy,2,4,4,10,Khách Hàng VIP (Champions)
1454,32,7,8189000,Phan Gia Huy,3,2,1,6,Khách Hàng Khám Phá (Promising)
1455,2,12,39639000,Trịnh Thu Thảo,4,4,3,11,Khách Hàng VIP (Champions)
1456,47,14,16655500,Võ Đức Trí,2,4,2,8,Khách Hàng Tiềm Năng (Loyalists)
1457,10,8,27598000,Tạ Quỳnh Như,4,3,3,10,Khách Hàng VIP (Champions)
1458,170,4,1584500,Lâm Quốc Khánh,1,1,1,3,Khách Hàng Nguy Cơ Rời Bỏ (At Risk)
1459,39,10,105879500,Cao Hoài Nam,2,4,4,10,Khách Hàng VIP (Champions)
1460,3,8,28017500,Nguyễn Văn An,4,3,3,10,Khách Hàng VIP (Champions)
1461,52,9,33872000,Trần Thị Mai,2,3,3,8,Khách Hàng Tiềm Năng (Loyalists)
1462,22,3,1257500,Lê Hoàng Long,3,1,1,5,Khách Hàng Nguy Cơ Rời Bỏ (At Risk)
1463,30,9,56149000,Phạm Minh Tuấn,3,3,4,10,Khách Hàng VIP (Champions)
1464,3,4,27379500,Vũ Hải Đăng,4,1,3,8,Khách Hàng Tiềm Năng (Loyalists)
1465,35,3,5520000,Hoàng Thảo My,3,1,1,5,Khách Hàng Nguy Cơ Rời Bỏ (At Risk)
1466,14,8,58513000,Đặng Quốc Bảo,4,3,4,11,Khách Hàng VIP (Champions)
1467,87,4,6439500,Bùi Kim Ngân,1,1,1,3,Khách Hàng Nguy Cơ Rời Bỏ (At Risk)
1468,53,12,30504500,Đỗ Hữu Nghĩa,2,4,3,9,Khách Hàng Tiềm Năng (Loyalists)
1469,41,5,7161500,Ngô Bích Phương,2,1,1,4,Khách Hàng Nguy Cơ Rời Bỏ (At Risk)
1470,69,5,2941000,Dương Tuấn Kiệt,1,1,1,3,Khách Hàng Nguy Cơ Rời Bỏ (At Risk)
1471,26,11,88330500,Lý Thanh Hà,3,4,4,11,Khách Hàng VIP (Champions)
1472,2,9,41567500,Trương Quang Huy,4,3,3,10,Khách Hàng VIP (Champions)
1473,16,10,34824000,Mai Phương Thúy,4,4,3,11,Khách Hàng VIP (Champions)
1474,33,7,4426500,Phan Gia Huy,3,2,1,6,Khách Hàng Khám Phá (Promising)
1475,13,4,15606000,Trịnh Thu Thảo,4,1,2,7,Khách Hàng Khám Phá (Promising)
1476,54,6,16024000,Võ Đức Trí,2,2,2,6,Khách Hàng Khám Phá (Promising)
1477,80,6,26318000,Tạ Quỳnh Như,1,2,3,6,Khách Hàng Khám Phá (Promising)
1478,29,8,58521000,Lâm Quốc Khánh,3,3,4,10,Khách Hàng VIP (Champions)
1479,1,6,20059000,Cao Hoài Nam,4,2,2,8,Khách Hàng Tiềm Năng (Loyalists)
1480,5,9,8037000,Nguyễn Văn An,4,3,1,8,Khách Hàng Tiềm Năng (Loyalists)
1481,33,8,36631000,Trần Thị Mai,3,3,3,9,Khách Hàng Tiềm Năng (Loyalists)
1482,114,7,48709500,Lê Hoàng Long,1,2,4,7,Khách Hàng Khám Phá (Promising)
1483,61,12,105068000,Phạm Minh Tuấn,2,4,4,10,Khách Hàng VIP (Champions)
1484,34,7,17822500,Vũ Hải Đăng,3,2,2,7,Khách Hàng Khám Phá (Promising)
1485,79,7,17656000,Hoàng Thảo My,1,2,2,5,Khách Hàng Nguy Cơ Rời Bỏ (At Risk)
1486,63,9,11956500,Đặng Quốc Bảo,2,3,1,6,Khách Hàng Khám Phá (Promising)
1487,1,10,15135500,Bùi Kim Ngân,4,4,2,10,Khách Hàng VIP (Champions)
1488,65,8,63033500,Đỗ Hữu Nghĩa,2,3,4,9,Khách Hàng Tiềm Năng (Loyalists)
1489,15,6,60941000,Ngô Bích Phương,4,2,4,10,Khách Hàng VIP (Champions)
1490,47,6,84485000,Dương Tuấn Kiệt,2,2,4,8,Khách Hàng Tiềm Năng (Loyalists)
1491,25,5,21661000,Lý Thanh Hà,3,1,2,6,Khách Hàng Khám Phá (Promising)
1492,1,12,57620000,Trương Quang Huy,4,4,4,12,Khách Hàng VIP (Champions)
1493,31,9,14054000,Mai Phương Thúy,3,3,2,8,Khách Hàng Tiềm Năng (Loyalists)
1494,41,6,19845500,Phan Gia Huy,2,2,2,6,Khách Hàng Khám Phá (Promising)
1495,32,6,2429500,Trịnh Thu Thảo,3,2,1,6,Khách Hàng Khám Phá (Promising)
1496,146,5,20630000,Võ Đức Trí,1,1,2,4,Khách Hàng Nguy Cơ Rời Bỏ (At Risk)
1497,137,5,9563000,Tạ Quỳnh Như,1,1,1,3,Khách Hàng Nguy Cơ Rời Bỏ (At Risk)
1498,14,11,38518000,Lâm Quốc Khánh,4,4,3,11,Khách Hàng VIP (Champions)
1499,21,6,26036000,Cao Hoài Nam,3,2,3,8,Khách Hàng Tiềm Năng (Loyalists)
1500,6,9,48486000,Nguyễn Văn An,4,3,4,11,Khách Hàng VIP (Champions)
1501,64,4,1276000,Trần Thị Mai,2,1,1,4,Khách Hàng Nguy Cơ Rời Bỏ (At Risk)
1502,43,6,39676000,Lê Hoàng Long,2,2,3,7,Khách Hàng Khám Phá (Promising)
1503,15,8,14977000,Phạm Minh Tuấn,4,3,2,9,Khách Hàng Tiềm Năng (Loyalists)
1504,25,7,51806000,Vũ Hải Đăng,3,2,4,9,Khách Hàng Tiềm Năng (Loyalists)
1505,46,6,43762000,Hoàng Thảo My,2,2,4,8,Khách Hàng Tiềm Năng (Loyalists)
1506,1,9,31714000,Đặng Quốc Bảo,4,3,3,10,Khách Hàng VIP (Champions)
1507,40,8,22557000,Bùi Kim Ngân,2,3,2,7,Khách Hàng Khám Phá (Promising)
1508,66,7,40506000,Đỗ Hữu Nghĩa,2,2,3,7,Khách Hàng Khám Phá (Promising)
1509,48,15,42085500,Ngô Bích Phương,2,4,3,9,Khách Hàng Tiềm Năng (Loyalists)
1510,113,6,45074500,Dương Tuấn Kiệt,1,2,4,7,Khách Hàng Khám Phá (Promising)
1511,18,10,45717000,Lý Thanh Hà,3,4,4,11,Khách Hàng VIP (Champions)
1512,91,4,1103000,Trương Quang Huy,1,1,1,3,Khách Hàng Nguy Cơ Rời Bỏ (At Risk)
1513,177,4,9969000,Mai Phương Thúy,1,1,1,3,Khách Hàng Nguy Cơ Rời Bỏ (At Risk)
1514,158,4,34930000,Phan Gia Huy,1,1,3,5,Khách Hàng Nguy Cơ Rời Bỏ (At Risk)
1515,1,14,27516500,Trịnh Thu Thảo,4,4,3,11,Khách Hàng VIP (Champions)
1516,9,10,43867500,Võ Đức Trí,4,4,4,12,Khách Hàng VIP (Champions)
1517,81,5,12517500,Tạ Quỳnh Như,1,1,2,4,Khách Hàng Nguy Cơ Rời Bỏ (At Risk)
1518,69,4,37181000,Lâm Quốc Khánh,1,1,3,5,Khách Hàng Nguy Cơ Rời Bỏ (At Risk)
1519,29,11,24697000,Cao Hoài Nam,3,4,2,9,Khách Hàng Tiềm Năng (Loyalists)
1520,21,7,16005500,Nguyễn Văn An,3,2,2,7,Khách Hàng Khám Phá (Promising)
1521,28,8,21292000,Trần Thị Mai,3,3,2,8,Khách Hàng Tiềm Năng (Loyalists)
1522,112,6,61571000,Lê Hoàng Long,1,2,4,7,Khách Hàng Khám Phá (Promising)
1523,59,8,6360000,Phạm Minh Tuấn,2,3,1,6,Khách Hàng Khám Phá (Promising)
1524,30,6,18682000,Vũ Hải Đăng,3,2,2,7,Khách Hàng Khám Phá (Promising)
1525,19,9,21946000,Hoàng Thảo My,3,3,2,8,Khách Hàng Tiềm Năng (Loyalists)
1526,55,9,37251500,Đặng Quốc Bảo,2,3,3,8,Khách Hàng Tiềm Năng (Loyalists)
1527,35,7,35990500,Bùi Kim Ngân,3,2,3,8,Khách Hàng Tiềm Năng (Loyalists)
1528,88,6,17457000,Đỗ Hữu Nghĩa,1,2,2,5,Khách Hàng Nguy Cơ Rời Bỏ (At Risk)
1529,14,4,17435000,Ngô Bích Phương,4,1,2,7,Khách Hàng Khám Phá (Promising)
1530,30,5,3404500,Dương Tuấn Kiệt,3,1,1,5,Khách Hàng Nguy Cơ Rời Bỏ (At Risk)
1531,88,5,41830000,Lý Thanh Hà,1,1,3,5,Khách Hàng Nguy Cơ Rời Bỏ (At Risk)
1532,76,6,4130500,Trương Quang Huy,1,2,1,4,Khách Hàng Nguy Cơ Rời Bỏ (At Risk)
1533,54,10,19385500,Mai Phương Thúy,2,4,2,8,Khách Hàng Tiềm Năng (Loyalists)
1534,2,10,20205000,Phan Gia Huy,4,4,2,10,Khách Hàng VIP (Champions)
1535,26,6,41147000,Trịnh Thu Thảo,3,2,3,8,Khách Hàng Tiềm Năng (Loyalists)
1536,16,8,57643500,Võ Đức Trí,4,3,4,11,Khách Hàng VIP (Champions)
1537,48,4,9082000,Tạ Quỳnh Như,2,1,1,4,Khách Hàng Nguy Cơ Rời Bỏ (At Risk)
1538,55,7,23208500,Lâm Quốc Khánh,2,2,2,6,Khách Hàng Khám Phá (Promising)
1539,80,6,26856000,Cao Hoài Nam,1,2,3,6,Khách Hàng Khám Phá (Promising)
1540,83,5,39235000,Nguyễn Văn An,1,1,3,5,Khách Hàng Nguy Cơ Rời Bỏ (At Risk)
1541,16,13,92023000,Trần Thị Mai,4,4,4,12,Khách Hàng VIP (Champions)
1542,112,7,51583000,Lê Hoàng Long,1,2,4,7,Khách Hàng Khám Phá (Promising)
1543,2,6,40955000,Phạm Minh Tuấn,4,2,3,9,Khách Hàng Tiềm Năng (Loyalists)
1544,2,7,44682500,Vũ Hải Đăng,4,2,4,10,Khách Hàng VIP (Champions)
1545,165,6,13178000,Hoàng Thảo My,1,2,2,5,Khách Hàng Nguy Cơ Rời Bỏ (At Risk)
1546,209,4,33455000,Đặng Quốc Bảo,1,1,3,5,Khách Hàng Nguy Cơ Rời Bỏ (At Risk)
1547,12,10,25048000,Bùi Kim Ngân,4,4,2,10,Khách Hàng VIP (Champions)
1548,23,7,22389500,Đỗ Hữu Nghĩa,3,2,2,7,Khách Hàng Khám Phá (Promising)
1549,6,8,23620000,Ngô Bích Phương,4,3,2,9,Khách Hàng Tiềm Năng (Loyalists)
1550,42,8,78836000,Dương Tuấn Kiệt,2,3,4,9,Khách Hàng Tiềm Năng (Loyalists)
1551,218,4,864500,Lý Thanh Hà,1,1,1,3,Khách Hàng Nguy Cơ Rời Bỏ (At Risk)
1552,9,10,38525500,Trương Quang Huy,4,4,3,11,Khách Hàng VIP (Champions)
1553,145,8,19440000,Mai Phương Thúy,1,3,2,6,Khách Hàng Khám Phá (Promising)
1554,10,10,35385000,Phan Gia Huy,4,4,3,11,Khách Hàng VIP (Champions)
1555,84,5,23501000,Trịnh Thu Thảo,1,1,2,4,Khách Hàng Nguy Cơ Rời Bỏ (At Risk)
1556,57,9,31895500,Võ Đức Trí,2,3,3,8,Khách Hàng Tiềm Năng (Loyalists)
1557,225,4,1622000,Tạ Quỳnh Như,1,1,1,3,Khách Hàng Nguy Cơ Rời Bỏ (At Risk)
1558,74,13,82947500,Lâm Quốc Khánh,1,4,4,9,Khách Hàng Tiềm Năng (Loyalists)
1559,30,8,29419500,Cao Hoài Nam,3,3,3,9,Khách Hàng Tiềm Năng (Loyalists)
1560,70,6,4075000,Nguyễn Văn An,1,2,1,4,Khách Hàng Nguy Cơ Rời Bỏ (At Risk)
1561,1,5,19300500,Trần Thị Mai,4,1,2,7,Khách Hàng Khám Phá (Promising)
1562,14,5,9612000,Lê Hoàng Long,4,1,1,6,Khách Hàng Khám Phá (Promising)
1563,15,5,19506000,Phạm Minh Tuấn,4,1,2,7,Khách Hàng Khám Phá (Promising)
1564,36,8,2065000,Vũ Hải Đăng,2,3,1,6,Khách Hàng Khám Phá (Promising)
1565,2,11,47423500,Hoàng Thảo My,4,4,4,12,Khách Hàng VIP (Champions)
1566,7,6,21168500,Đặng Quốc Bảo,4,2,2,8,Khách Hàng Tiềm Năng (Loyalists)
1567,83,7,36368500,Bùi Kim Ngân,1,2,3,6,Khách Hàng Khám Phá (Promising)
1568,12,11,44395000,Đỗ Hữu Nghĩa,4,4,4,12,Khách Hàng VIP (Champions)
1569,9,10,42765500,Ngô Bích Phương,4,4,4,12,Khách Hàng VIP (Champions)
1570,127,11,89042000,Dương Tuấn Kiệt,1,4,4,9,Khách Hàng Tiềm Năng (Loyalists)
1571,4,13,82793000,Lý Thanh Hà,4,4,4,12,Khách Hàng VIP (Champions)
1572,45,4,44402500,Trương Quang Huy,2,1,4,7,Khách Hàng Khám Phá (Promising)
1573,26,10,57636000,Mai Phương Thúy,3,4,4,11,Khách Hàng VIP (Champions)
1574,11,12,120016000,Phan Gia Huy,4,4,4,12,Khách Hàng VIP (Champions)
1575,151,4,29305000,Trịnh Thu Thảo,1,1,3,5,Khách Hàng Nguy Cơ Rời Bỏ (At Risk)
1576,132,7,23444000,Võ Đức Trí,1,2,2,5,Khách Hàng Nguy Cơ Rời Bỏ (At Risk)
1577,168,3,1335500,Tạ Quỳnh Như,1,1,1,3,Khách Hàng Nguy Cơ Rời Bỏ (At Risk)
1578,18,7,10977500,Lâm Quốc Khánh,3,2,1,6,Khách Hàng Khám Phá (Promising)
1579,51,7,8592500,Cao Hoài Nam,2,2,1,5,Khách Hàng Nguy Cơ Rời Bỏ (At Risk)
1580,26,9,48609000,Nguyễn Văn An,3,3,4,10,Khách Hàng VIP (Champions)
1581,118,9,35243500,Trần Thị Mai,1,3,3,7,Khách Hàng Khám Phá (Promising)
1582,41,8,8305000,Lê Hoàng Long,2,3,1,6,Khách Hàng Khám Phá (Promising)
1583,23,5,4409000,Phạm Minh Tuấn,3,1,1,5,Khách Hàng Nguy Cơ Rời Bỏ (At Risk)
1584,63,10,88334500,Vũ Hải Đăng,2,4,4,10,Khách Hàng VIP (Champions)
1585,4,5,7680000,Hoàng Thảo My,4,1,1,6,Khách Hàng Khám Phá (Promising)
1586,10,5,46197500,Đặng Quốc Bảo,4,1,4,9,Khách Hàng Tiềm Năng (Loyalists)
1587,42,9,23175000,Bùi Kim Ngân,2,3,2,7,Khách Hàng Khám Phá (Promising)
1588,21,11,13578500,Đỗ Hữu Nghĩa,3,4,2,9,Khách Hàng Tiềm Năng (Loyalists)
1589,66,11,103317000,Ngô Bích Phương,2,4,4,10,Khách Hàng VIP (Champions)
1590,129,5,3854000,Dương Tuấn Kiệt,1,1,1,3,Khách Hàng Nguy Cơ Rời Bỏ (At Risk)
1591,55,10,37028000,Lý Thanh Hà,2,4,3,9,Khách Hàng Tiềm Năng (Loyalists)
1592,40,9,11076000,Trương Quang Huy,2,3,1,6,Khách Hàng Khám Phá (Promising)
1593,12,10,32614000,Mai Phương Thúy,4,4,3,11,Khách Hàng VIP (Champions)
1594,64,10,36211000,Phan Gia Huy,2,4,3,9,Khách Hàng Tiềm Năng (Loyalists)
1595,6,9,46042500,Trịnh Thu Thảo,4,3,4,11,Khách Hàng VIP (Champions)
1596,56,5,25419000,Võ Đức Trí,2,1,3,6,Khách Hàng Khám Phá (Promising)
1597,17,12,101872000,Tạ Quỳnh Như,3,4,4,11,Khách Hàng VIP (Champions)
1598,14,10,17301500,Lâm Quốc Khánh,4,4,2,10,Khách Hàng VIP (Champions)
1599,43,6,9133500,Cao Hoài Nam,2,2,1,5,Khách Hàng Nguy Cơ Rời Bỏ (At Risk)
1600,27,8,9773500,Nguyễn Văn An,3,3,1,7,Khách Hàng Khám Phá (Promising)
1601,24,7,5378500,Trần Thị Mai,3,2,1,6,Khách Hàng Khám Phá (Promising)
1602,15,7,17207500,Lê Hoàng Long,4,2,2,8,Khách Hàng Tiềm Năng (Loyalists)
1603,26,9,18312000,Phạm Minh Tuấn,3,3,2,8,Khách Hàng Tiềm Năng (Loyalists)
1604,151,3,6958000,Vũ Hải Đăng,1,1,1,3,Khách Hàng Nguy Cơ Rời Bỏ (At Risk)
1605,127,10,39687000,Hoàng Thảo My,1,4,3,8,Khách Hàng Tiềm Năng (Loyalists)
1606,82,5,35390000,Đặng Quốc Bảo,1,1,3,5,Khách Hàng Nguy Cơ Rời Bỏ (At Risk)
1607,86,7,9448000,Bùi Kim Ngân,1,2,1,4,Khách Hàng Nguy Cơ Rời Bỏ (At Risk)
1608,4,7,30600000,Đỗ Hữu Nghĩa,4,2,3,9,Khách Hàng Tiềm Năng (Loyalists)
1609,38,7,10683500,Ngô Bích Phương,2,2,1,5,Khách Hàng Nguy Cơ Rời Bỏ (At Risk)
1610,4,7,15352500,Dương Tuấn Kiệt,4,2,2,8,Khách Hàng Tiềm Năng (Loyalists)
1611,42,3,6876500,Lý Thanh Hà,2,1,1,4,Khách Hàng Nguy Cơ Rời Bỏ (At Risk)
1612,52,6,42716000,Trương Quang Huy,2,2,3,7,Khách Hàng Khám Phá (Promising)
1613,92,3,10692000,Mai Phương Thúy,1,1,1,3,Khách Hàng Nguy Cơ Rời Bỏ (At Risk)
1614,88,9,18629500,Phan Gia Huy,1,3,2,6,Khách Hàng Khám Phá (Promising)
1615,52,10,35202500,Trịnh Thu Thảo,2,4,3,9,Khách Hàng Tiềm Năng (Loyalists)
1616,82,10,31102500,Võ Đức Trí,1,4,3,8,Khách Hàng Tiềm Năng (Loyalists)
1617,13,4,1073500,Tạ Quỳnh Như,4,1,1,6,Khách Hàng Khám Phá (Promising)
1618,17,9,52452500,Lâm Quốc Khánh,3,3,4,10,Khách Hàng VIP (Champions)
1619,19,12,68892500,Cao Hoài Nam,3,4,4,11,Khách Hàng VIP (Champions)
1620,26,11,32507000,Nguyễn Văn An,3,4,3,10,Khách Hàng VIP (Champions)
1621,78,6,52545000,Trần Thị Mai,1,2,4,7,Khách Hàng Khám Phá (Promising)
1622,40,4,4491000,Lê Hoàng Long,2,1,1,4,Khách Hàng Nguy Cơ Rời Bỏ (At Risk)
1623,44,5,44353500,Phạm Minh Tuấn,2,1,4,7,Khách Hàng Khám Phá (Promising)
1624,64,9,61706000,Vũ Hải Đăng,2,3,4,9,Khách Hàng Tiềm Năng (Loyalists)
1625,75,6,33532500,Hoàng Thảo My,1,2,3,6,Khách Hàng Khám Phá (Promising)
1626,54,5,69610000,Đặng Quốc Bảo,2,1,4,7,Khách Hàng Khám Phá (Promising)
1627,76,7,18954500,Bùi Kim Ngân,1,2,2,5,Khách Hàng Nguy Cơ Rời Bỏ (At Risk)
1628,8,6,14952500,Đỗ Hữu Nghĩa,4,2,2,8,Khách Hàng Tiềm Năng (Loyalists)
1629,50,6,30798500,Ngô Bích Phương,2,2,3,7,Khách Hàng Khám Phá (Promising)
1630,24,10,19763000,Dương Tuấn Kiệt,3,4,2,9,Khách Hàng Tiềm Năng (Loyalists)
1631,62,9,6540500,Lý Thanh Hà,2,3,1,6,Khách Hàng Khám Phá (Promising)
1632,43,10,53444000,Trương Quang Huy,2,4,4,10,Khách Hàng VIP (Champions)
1633,31,12,22624000,Mai Phương Thúy,3,4,2,9,Khách Hàng Tiềm Năng (Loyalists)
1634,3,7,90965500,Phan Gia Huy,4,3,4,11,Khách Hàng VIP (Champions)
1635,28,6,40508500,Trịnh Thu Thảo,3,2,3,8,Khách Hàng Tiềm Năng (Loyalists)
1636,12,9,14427000,Võ Đức Trí,4,3,2,9,Khách Hàng Tiềm Năng (Loyalists)
1637,109,6,7027500,Tạ Quỳnh Như,1,2,1,4,Khách Hàng Nguy Cơ Rời Bỏ (At Risk)
1638,16,7,48407500,Lâm Quốc Khánh,4,3,4,11,Khách Hàng VIP (Champions)
1639,34,7,30468000,Cao Hoài Nam,3,3,3,9,Khách Hàng Tiềm Năng (Loyalists)
1640,5,7,39583000,Nguyễn Văn An,4,3,3,10,Khách Hàng VIP (Champions)
1641,65,5,29630000,Trần Thị Mai,2,1,3,6,Khách Hàng Khám Phá (Promising)
1642,27,4,5885500,Lê Hoàng Long,3,1,1,5,Khách Hàng Nguy Cơ Rời Bỏ (At Risk)
1643,3,8,6752500,Phạm Minh Tuấn,4,3,1,8,Khách Hàng Tiềm Năng (Loyalists)
1644,9,6,44786500,Vũ Hải Đăng,4,2,4,10,Khách Hàng VIP (Champions)
1645,15,7,28706000,Hoàng Thảo My,4,3,3,10,Khách Hàng VIP (Champions)
1646,65,9,71856000,Đặng Quốc Bảo,2,3,4,9,Khách Hàng Tiềm Năng (Loyalists)
1647,70,4,12927500,Bùi Kim Ngân,1,1,2,4,Khách Hàng Nguy Cơ Rời Bỏ (At Risk)
1648,38,5,1816500,Đỗ Hữu Nghĩa,2,1,1,4,Khách Hàng Nguy Cơ Rời Bỏ (At Risk)
1649,30,10,23801000,Ngô Bích Phương,3,4,2,9,Khách Hàng Tiềm Năng (Loyalists)
1650,50,7,38781000,Dương Tuấn Kiệt,2,3,3,8,Khách Hàng Tiềm Năng (Loyalists)
1651,106,4,1761500,Lý Thanh Hà,1,1,1,3,Khách Hàng Nguy Cơ Rời Bỏ (At Risk)
1652,42,6,4968500,Trương Quang Huy,2,2,1,5,Khách Hàng Nguy Cơ Rời Bỏ (At Risk)
1653,42,11,38521500,Mai Phương Thúy,2,4,3,9,Khách Hàng Tiềm Năng (Loyalists)
1654,2,6,9377500,Phan Gia Huy,4,2,1,7,Khách Hàng Khám Phá (Promising)
1655,25,10,11364000,Trịnh Thu Thảo,3,4,1,8,Khách Hàng Tiềm Năng (Loyalists)
1656,33,9,47307500,Võ Đức Trí,3,3,4,10,Khách Hàng VIP (Champions)
1657,5,11,137559500,Tạ Quỳnh Như,4,4,4,12,Khách Hàng VIP (Champions)
1658,43,4,9801500,Lâm Quốc Khánh,2,1,1,4,Khách Hàng Nguy Cơ Rời Bỏ (At Risk)
1659,2,9,59351000,Cao Hoài Nam,4,4,4,12,Khách Hàng VIP (Champions)
1660,1,6,12701500,Nguyễn Văn An,4,2,2,8,Khách Hàng Tiềm Năng (Loyalists)
1661,16,5,9736500,Trần Thị Mai,4,1,1,6,Khách Hàng Khám Phá (Promising)
1662,7,7,43238000,Lê Hoàng Long,4,3,4,11,Khách Hàng VIP (Champions)
1663,143,5,41035000,Phạm Minh Tuấn,1,1,3,5,Khách Hàng Nguy Cơ Rời Bỏ (At Risk)
1664,18,9,15427500,Vũ Hải Đăng,3,4,2,9,Khách Hàng Tiềm Năng (Loyalists)
1665,34,10,13497000,Hoàng Thảo My,3,4,2,9,Khách Hàng Tiềm Năng (Loyalists)
1666,112,3,6325000,Đặng Quốc Bảo,1,1,1,3,Khách Hàng Nguy Cơ Rời Bỏ (At Risk)
1667,135,6,22907500,Bùi Kim Ngân,1,2,2,5,Khách Hàng Nguy Cơ Rời Bỏ (At Risk)
1668,9,8,8308000,Đỗ Hữu Nghĩa,4,3,1,8,Khách Hàng Tiềm Năng (Loyalists)
1669,65,8,15370000,Ngô Bích Phương,2,3,2,7,Khách Hàng Khám Phá (Promising)
1670,43,10,49758000,Dương Tuấn Kiệt,2,4,4,10,Khách Hàng VIP (Champions)
1671,17,8,19620500,Lý Thanh Hà,3,3,2,8,Khách Hàng Tiềm Năng (Loyalists)
1672,24,7,4327000,Trương Quang Huy,3,3,1,7,Khách Hàng Khám Phá (Promising)
1673,35,6,50917500,Mai Phương Thúy,3,2,4,9,Khách Hàng Tiềm Năng (Loyalists)
1674,40,9,20565000,Phan Gia Huy,2,4,2,8,Khách Hàng Tiềm Năng (Loyalists)
1675,1,8,17816500,Trịnh Thu Thảo,4,3,2,9,Khách Hàng Tiềm Năng (Loyalists)
1676,24,9,80649500,Võ Đức Trí,3,4,4,11,Khách Hàng VIP (Champions)
1677,23,8,46010500,Tạ Quỳnh Như,3,3,4,10,Khách Hàng VIP (Champions)
1678,31,9,40933000,Lâm Quốc Khánh,3,4,3,10,Khách Hàng VIP (Champions)
1679,37,7,45199500,Cao Hoài Nam,2,3,4,9,Khách Hàng Tiềm Năng (Loyalists)
1680,71,5,14858000,Nguyễn Văn An,1,1,2,4,Khách Hàng Nguy Cơ Rời Bỏ (At Risk)
1681,96,9,57737000,Trần Thị Mai,1,4,4,9,Khách Hàng Tiềm Năng (Loyalists)
1682,52,8,17301500,Lê Hoàng Long,2,3,2,7,Khách Hàng Khám Phá (Promising)
1683,43,7,19520500,Phạm Minh Tuấn,2,3,2,7,Khách Hàng Khám Phá (Promising)
1684,38,9,23975000,Vũ Hải Đăng,2,4,2,8,Khách Hàng Tiềm Năng (Loyalists)
1685,24,7,48924500,Hoàng Thảo My,3,3,4,10,Khách Hàng VIP (Champions)
1686,112,8,27092000,Đặng Quốc Bảo,1,3,3,7,Khách Hàng Khám Phá (Promising)
1687,24,5,70992000,Bùi Kim Ngân,3,1,4,8,Khách Hàng Tiềm Năng (Loyalists)
1688,24,9,51083500,Đỗ Hữu Nghĩa,3,4,4,11,Khách Hàng VIP (Champions)
1689,42,11,19425000,Ngô Bích Phương,2,4,2,8,Khách Hàng Tiềm Năng (Loyalists)
1690,11,11,23508500,Dương Tuấn Kiệt,4,4,2,10,Khách Hàng VIP (Champions)
1691,46,8,6787500,Lý Thanh Hà,2,3,1,6,Khách Hàng Khám Phá (Promising)
1692,52,7,8920500,Trương Quang Huy,2,3,1,6,Khách Hàng Khám Phá (Promising)
1693,58,5,48317000,Mai Phương Thúy,2,1,4,7,Khách Hàng Khám Phá (Promising)
1694,11,7,13526500,Phan Gia Huy,4,3,2,9,Khách Hàng Tiềm Năng (Loyalists)
1695,5,5,5463000,Trịnh Thu Thảo,4,1,1,6,Khách Hàng Khám Phá (Promising)
1696,3,10,31593000,Võ Đức Trí,4,4,3,11,Khách Hàng VIP (Champions)
1697,31,10,16487000,Tạ Quỳnh Như,3,4,2,9,Khách Hàng Tiềm Năng (Loyalists)
1698,57,8,27822000,Lâm Quốc Khánh,2,3,3,8,Khách Hàng Tiềm Năng (Loyalists)
1699,69,6,30211000,Cao Hoài Nam,1,2,3,6,Khách Hàng Khám Phá (Promising)
1700,25,8,10857000,Nguyễn Văn An,3,3,1,7,Khách Hàng Khám Phá (Promising)
1701,26,4,1559000,Trần Thị Mai,3,1,1,5,Khách Hàng Nguy Cơ Rời Bỏ (At Risk)
1702,106,7,23609500,Lê Hoàng Long,1,3,2,6,Khách Hàng Khám Phá (Promising)
1703,18,7,53981000,Phạm Minh Tuấn,3,3,4,10,Khách Hàng VIP (Champions)
1704,22,12,106514500,Vũ Hải Đăng,3,4,4,11,Khách Hàng VIP (Champions)
1705,23,7,40978500,Hoàng Thảo My,3,3,3,9,Khách Hàng Tiềm Năng (Loyalists)
1706,11,11,37329000,Đặng Quốc Bảo,4,4,3,11,Khách Hàng VIP (Champions)
1707,9,12,66157500,Bùi Kim Ngân,4,4,4,12,Khách Hàng VIP (Champions)
1708,130,6,14691000,Đỗ Hữu Nghĩa,1,2,2,5,Khách Hàng Nguy Cơ Rời Bỏ (At Risk)
1709,4,10,89619500,Ngô Bích Phương,4,4,4,12,Khách Hàng VIP (Champions)
1710,21,13,80761000,Dương Tuấn Kiệt,3,4,4,11,Khách Hàng VIP (Champions)
1711,59,12,62465500,Lý Thanh Hà,2,4,4,10,Khách Hàng VIP (Champions)
1712,4,9,77462000,Trương Quang Huy,4,4,4,12,Khách Hàng VIP (Champions)
1713,42,7,10457000,Mai Phương Thúy,2,3,1,6,Khách Hàng Khám Phá (Promising)
1714,83,4,1485000,Phan Gia Huy,1,1,1,3,Khách Hàng Nguy Cơ Rời Bỏ (At Risk)
1715,91,4,5463000,Trịnh Thu Thảo,1,1,1,3,Khách Hàng Nguy Cơ Rời Bỏ (At Risk)
1716,31,8,10146000,Võ Đức Trí,3,3,1,7,Khách Hàng Khám Phá (Promising)
1717,14,10,53251500,Tạ Quỳnh Như,4,4,4,12,Khách Hàng VIP (Champions)
1718,9,14,32607000,Lâm Quốc Khánh,4,4,3,11,Khách Hàng VIP (Champions)
1719,46,6,19771000,Cao Hoài Nam,2,2,2,6,Khách Hàng Khám Phá (Promising)
1720,114,5,40206000,Nguyễn Văn An,1,1,3,5,Khách Hàng Nguy Cơ Rời Bỏ (At Risk)
1721,29,11,31425500,Trần Thị Mai,3,4,3,10,Khách Hàng VIP (Champions)
1722,87,4,2635000,Lê Hoàng Long,1,1,1,3,Khách Hàng Nguy Cơ Rời Bỏ (At Risk)
1723,76,4,7176000,Phạm Minh Tuấn,1,1,1,3,Khách Hàng Nguy Cơ Rời Bỏ (At Risk)
1724,104,5,7828500,Vũ Hải Đăng,1,1,1,3,Khách Hàng Nguy Cơ Rời Bỏ (At Risk)
1725,19,7,20996500,Hoàng Thảo My,3,3,2,8,Khách Hàng Tiềm Năng (Loyalists)
1726,10,7,43729000,Đặng Quốc Bảo,4,3,4,11,Khách Hàng VIP (Champions)
1727,5,7,6704000,Bùi Kim Ngân,4,3,1,8,Khách Hàng Tiềm Năng (Loyalists)
1728,96,11,23331500,Đỗ Hữu Nghĩa,1,4,2,7,Khách Hàng Khám Phá (Promising)
1729,46,6,10846000,Ngô Bích Phương,2,2,1,5,Khách Hàng Nguy Cơ Rời Bỏ (At Risk)
1730,98,2,389000,Dương Tuấn Kiệt,1,1,1,3,Khách Hàng Nguy Cơ Rời Bỏ (At Risk)
1731,2,8,11246500,Lý Thanh Hà,4,3,1,8,Khách Hàng Tiềm Năng (Loyalists)
1732,72,3,43580000,Trương Quang Huy,1,1,4,6,Khách Hàng Khám Phá (Promising)
1733,36,7,14575000,Mai Phương Thúy,2,3,2,7,Khách Hàng Khám Phá (Promising)
1734,93,8,9567000,Phan Gia Huy,1,3,1,5,Khách Hàng Nguy Cơ Rời Bỏ (At Risk)
1735,51,8,33287500,Trịnh Thu Thảo,2,3,3,8,Khách Hàng Tiềm Năng (Loyalists)
1736,321,1,416000,Võ Đức Trí,1,1,1,3,Khách Hàng Nguy Cơ Rời Bỏ (At Risk)
1737,173,5,35675000,Tạ Quỳnh Như,1,1,3,5,Khách Hàng Nguy Cơ Rời Bỏ (At Risk)
1738,35,6,11028500,Lâm Quốc Khánh,3,2,1,6,Khách Hàng Khám Phá (Promising)
1739,95,7,6311000,Cao Hoài Nam,1,3,1,5,Khách Hàng Nguy Cơ Rời Bỏ (At Risk)
1740,89,10,22841500,Nguyễn Văn An,1,4,2,7,Khách Hàng Khám Phá (Promising)
1741,73,13,36225500,Trần Thị Mai,1,4,3,8,Khách Hàng Tiềm Năng (Loyalists)
1742,3,11,71159000,Lê Hoàng Long,4,4,4,12,Khách Hàng VIP (Champions)
1743,4,7,34735500,Phạm Minh Tuấn,4,3,3,10,Khách Hàng VIP (Champions)
1744,90,7,16943000,Vũ Hải Đăng,1,3,2,6,Khách Hàng Khám Phá (Promising)
1745,10,8,29798000,Hoàng Thảo My,4,3,3,10,Khách Hàng VIP (Champions)
1746,1,5,15541000,Đặng Quốc Bảo,4,1,2,7,Khách Hàng Khám Phá (Promising)
1747,12,8,49172000,Bùi Kim Ngân,4,3,4,11,Khách Hàng VIP (Champions)
1748,163,6,15225000,Đỗ Hữu Nghĩa,1,2,2,5,Khách Hàng Nguy Cơ Rời Bỏ (At Risk)
1749,48,7,42146000,Ngô Bích Phương,2,3,3,8,Khách Hàng Tiềm Năng (Loyalists)
1750,43,10,38732000,Dương Tuấn Kiệt,2,4,3,9,Khách Hàng Tiềm Năng (Loyalists)
1752,33,5,23510500,Trương Quang Huy,3,1,2,6,Khách Hàng Khám Phá (Promising)
1753,322,1,3800000,Mai Phương Thúy,1,1,1,3,Khách Hàng Nguy Cơ Rời Bỏ (At Risk)
1754,32,6,15393500,Phan Gia Huy,3,2,2,7,Khách Hàng Khám Phá (Promising)
1755,136,9,11094000,Trịnh Thu Thảo,1,4,1,6,Khách Hàng Khám Phá (Promising)
1756,43,9,39635000,Võ Đức Trí,2,4,3,9,Khách Hàng Tiềm Năng (Loyalists)
1757,64,5,16920000,Tạ Quỳnh Như,2,1,2,5,Khách Hàng Nguy Cơ Rời Bỏ (At Risk)
1758,38,11,48348000,Lâm Quốc Khánh,2,4,4,10,Khách Hàng VIP (Champions)
1759,43,5,21069500,Cao Hoài Nam,2,1,2,5,Khách Hàng Nguy Cơ Rời Bỏ (At Risk)
1760,58,10,10456500,Nguyễn Văn An,2,4,1,7,Khách Hàng Khám Phá (Promising)
1761,23,5,12674000,Trần Thị Mai,3,1,2,6,Khách Hàng Khám Phá (Promising)
1762,36,7,11323000,Lê Hoàng Long,2,3,1,6,Khách Hàng Khám Phá (Promising)
1763,6,6,26072000,Phạm Minh Tuấn,4,2,3,9,Khách Hàng Tiềm Năng (Loyalists)
1764,26,13,24999500,Vũ Hải Đăng,3,4,2,9,Khách Hàng Tiềm Năng (Loyalists)
1765,13,15,59287000,Hoàng Thảo My,4,4,4,12,Khách Hàng VIP (Champions)
1766,119,8,42917000,Đặng Quốc Bảo,1,3,4,8,Khách Hàng Tiềm Năng (Loyalists)
1767,12,7,22937500,Bùi Kim Ngân,4,3,2,9,Khách Hàng Tiềm Năng (Loyalists)
1768,103,2,368000,Đỗ Hữu Nghĩa,1,1,1,3,Khách Hàng Nguy Cơ Rời Bỏ (At Risk)
1769,44,7,24285000,Ngô Bích Phương,2,3,2,7,Khách Hàng Khám Phá (Promising)
1770,165,6,8018500,Dương Tuấn Kiệt,1,2,1,4,Khách Hàng Nguy Cơ Rời Bỏ (At Risk)
1771,58,5,38530000,Lý Thanh Hà,2,1,3,6,Khách Hàng Khám Phá (Promising)
1772,25,6,19230000,Trương Quang Huy,3,2,2,7,Khách Hàng Khám Phá (Promising)
1773,11,6,2042500,Mai Phương Thúy,4,2,1,7,Khách Hàng Khám Phá (Promising)
1774,28,11,48382000,Phan Gia Huy,3,4,4,11,Khách Hàng VIP (Champions)
1775,19,6,10960500,Trịnh Thu Thảo,3,2,1,6,Khách Hàng Khám Phá (Promising)
1776,53,9,41872000,Võ Đức Trí,2,4,3,9,Khách Hàng Tiềm Năng (Loyalists)
1777,101,4,4098000,Tạ Quỳnh Như,1,1,1,3,Khách Hàng Nguy Cơ Rời Bỏ (At Risk)
1778,124,3,19415000,Lâm Quốc Khánh,1,1,2,4,Khách Hàng Nguy Cơ Rời Bỏ (At Risk)
1779,36,13,64857500,Cao Hoài Nam,2,4,4,10,Khách Hàng VIP (Champions)
1780,17,9,40428000,Nguyễn Văn An,3,4,3,10,Khách Hàng VIP (Champions)
1781,49,13,20539000,Trần Thị Mai,2,4,2,8,Khách Hàng Tiềm Năng (Loyalists)
1782,67,8,36043500,Lê Hoàng Long,1,3,3,7,Khách Hàng Khám Phá (Promising)
1783,115,7,8247000,Phạm Minh Tuấn,1,3,1,5,Khách Hàng Nguy Cơ Rời Bỏ (At Risk)
1784,44,3,4389000,Vũ Hải Đăng,2,1,1,4,Khách Hàng Nguy Cơ Rời Bỏ (At Risk)
1785,5,10,35483000,Hoàng Thảo My,4,4,3,11,Khách Hàng VIP (Champions)
1786,28,6,25585000,Đặng Quốc Bảo,3,2,3,8,Khách Hàng Tiềm Năng (Loyalists)
1787,140,6,22845500,Bùi Kim Ngân,1,2,2,5,Khách Hàng Nguy Cơ Rời Bỏ (At Risk)
1788,4,4,22946000,Đỗ Hữu Nghĩa,4,1,2,7,Khách Hàng Khám Phá (Promising)
1789,38,6,38038000,Ngô Bích Phương,2,2,3,7,Khách Hàng Khám Phá (Promising)
1790,33,6,10464500,Dương Tuấn Kiệt,3,2,1,6,Khách Hàng Khám Phá (Promising)
1791,18,11,11660500,Lý Thanh Hà,3,4,1,8,Khách Hàng Tiềm Năng (Loyalists)
1792,63,13,29221000,Trương Quang Huy,2,4,3,9,Khách Hàng Tiềm Năng (Loyalists)
1793,3,9,61897000,Mai Phương Thúy,4,4,4,12,Khách Hàng VIP (Champions)
1794,10,10,53515000,Phan Gia Huy,4,4,4,12,Khách Hàng VIP (Champions)
1795,16,11,32886000,Trịnh Thu Thảo,4,4,3,11,Khách Hàng VIP (Champions)
1796,64,8,16218000,Võ Đức Trí,2,3,2,7,Khách Hàng Khám Phá (Promising)
1797,70,6,16661000,Tạ Quỳnh Như,1,2,2,5,Khách Hàng Nguy Cơ Rời Bỏ (At Risk)
1798,26,8,6038500,Lâm Quốc Khánh,3,3,1,7,Khách Hàng Khám Phá (Promising)
1799,36,5,8487500,Cao Hoài Nam,2,1,1,4,Khách Hàng Nguy Cơ Rời Bỏ (At Risk)
1800,30,9,24740000,Nguyễn Văn An,3,4,2,9,Khách Hàng Tiềm Năng (Loyalists)
