id,name,category_name,brand_name,price,discount_rate,quantity_sold,revenue_estimate,rating_average
101351,Máy lọc không khí Sharp Màng lọc HEPA diệt khuẩn khử mùi,Điện Gia Dụng,Sharp,1920000,20,5152,9891840000,4.7
100989,Bộ lau nhà tự vắt thông minh xoay 360 độ Duy Tân,Nhà Cửa - Đời Sống,Duy Tân,408500,5,4082,1667497000,4.5
100560,Cáp sạc đa năng Baseus bọc dù siêu bền truyền dữ liệu tốc độ cao,Thiết Bị Số - Phụ Kiện Số,Baseus,1955000,15,3736,7303880000,4.9
101315,Chuột không dây công thái học Sony Silent Click,Thiết Bị Số - Phụ Kiện Số,Sony,935000,15,3685,3445475000,4.8
101479,Máy xay sinh tố cầm tay đa năng Panasonic Lưỡi dao inox 304,Điện Gia Dụng,Panasonic,7560000,30,3670,27745200000,4.8
100816,Cáp sạc đa năng UGREEN bọc dù siêu bền truyền dữ liệu tốc độ cao,Thiết Bị Số - Phụ Kiện Số,UGREEN,3350000,50,3646,12214100000,4.9
100162,Kem chống nắng kiểm soát dầu Innisfree SPF 50+ PA++++ 50ml,Làm Đẹp - Sức Khỏe,Innisfree,432000,40,3589,1550448000,4.9
100122,Bộ hộp cơm thủy tinh chịu nhiệt Lock&Lock Có túi giữ nhiệt cao cấp,Nhà Cửa - Đời Sống,Lock&Lock,127500,15,3339,425722500,4.7
100944,Bộ hộp cơm thủy tinh chịu nhiệt Lock&Lock Có túi giữ nhiệt cao cấp,Nhà Cửa - Đời Sống,Lock&Lock,149500,35,3308,494546000,4.8
101125,Sữa rửa mặt tạo bọt sạch sâu se khít lỗ chân lông Vichy,Làm Đẹp - Sức Khỏe,Vichy,195000,50,3295,642525000,4.8
